AminoAcid,3Letter,1Letter,Property,Hydrophobicity,MW,pKa_COOH,pKa_NH3,pKa_Side,pI,AtomIndex,AtomSymbol,X,Y,Z
Glycine,Gly,G,Nonpolar,-0.4,75.07,2.34,9.6,-,5.97,1,C,-0.5610933952356221,-0.18685055362949288,-0.5083554788181259
Glycine,Gly,G,Nonpolar,-0.4,75.07,2.34,9.6,-,5.97,2,C,0.8327336285878263,0.006863131900418299,0.07149742748865756
Glycine,Gly,G,Nonpolar,-0.4,75.07,2.34,9.6,-,5.97,3,O,1.1092770798940241,0.4387471655113073,1.180113365806433
Glycine,Gly,G,Nonpolar,-0.4,75.07,2.34,9.6,-,5.97,4,O,1.8060154297988296,-0.3577529150440069,-0.7859507829604732
Glycine,Gly,G,Nonpolar,-0.4,75.07,2.34,9.6,-,5.97,5,N,-1.5988535341508237,0.2221589268489199,0.45702203966741856
Glycine,Gly,G,Nonpolar,-0.4,75.07,2.34,9.6,-,5.97,6,H,-0.6989941223727605,-1.2433952217152917,-0.7550365100008041
Glycine,Gly,G,Nonpolar,-0.4,75.07,2.34,9.6,-,5.97,7,H,-0.6561591582512666,0.4195663586039682,-1.4133552737129316
Glycine,Gly,G,Nonpolar,-0.4,75.07,2.34,9.6,-,5.97,8,H,2.6361460878977656,-0.1843473517203955,-0.294066679749075
Glycine,Gly,G,Nonpolar,-0.4,75.07,2.34,9.6,-,5.97,9,H,-1.4152571429910965,1.1908723528654608,0.7278207079612993
Glycine,Gly,G,Nonpolar,-0.4,75.07,2.34,9.6,-,5.97,10,H,-1.453814873176866,-0.30586189362088956,1.320505184317598
Alanine,Ala,A,Nonpolar,1.8,89.09,2.34,9.69,-,6.0,1,C,-1.0595753348391639,0.6311332321769362,-0.7765054386720449
Alanine,Ala,A,Nonpolar,1.8,89.09,2.34,9.69,-,6.0,2,C,-0.08480636008686046,0.3968420573222709,0.3692559468134528
Alanine,Ala,A,Nonpolar,1.8,89.09,2.34,9.69,-,6.0,3,C,1.083487687854876,-0.4879483574986405,-0.07761214204181797
Alanine,Ala,A,Nonpolar,1.8,89.09,2.34,9.69,-,6.0,4,O,1.4047134186442032,-1.5630956069639739,0.4070520580849285
Alanine,Ala,A,Nonpolar,1.8,89.09,2.34,9.69,-,6.0,5,O,1.8038124587438038,0.0467765720005312,-1.082955211694316
Alanine,Ala,A,Nonpolar,1.8,89.09,2.34,9.69,-,6.0,6,N,-0.8039207884084393,-0.23692884615635407,1.4977028853252234
Alanine,Ala,A,Nonpolar,1.8,89.09,2.34,9.69,-,6.0,7,H,-0.5718684787563475,1.1587004941875763,-1.6034140744662626
Alanine,Ala,A,Nonpolar,1.8,89.09,2.34,9.69,-,6.0,8,H,-1.4450254790588957,-0.31432252585442355,-1.1753206744215474
Alanine,Ala,A,Nonpolar,1.8,89.09,2.34,9.69,-,6.0,9,H,-1.911316478986464,1.2392435499747518,-0.452645959606532
Alanine,Ala,A,Nonpolar,1.8,89.09,2.34,9.69,-,6.0,10,H,0.3280542082014122,1.3479861039440015,0.7218679249245387
Alanine,Ala,A,Nonpolar,1.8,89.09,2.34,9.69,-,6.0,11,H,2.513293357032428,-0.6103272911882626,-1.2440848754834328
Alanine,Ala,A,Nonpolar,1.8,89.09,2.34,9.69,-,6.0,12,H,-0.11895408871424516,-0.45469642738202165,2.225315338724805
Alanine,Ala,A,Nonpolar,1.8,89.09,2.34,9.69,-,6.0,13,H,-1.1378941216263554,-1.1533629545623671,1.1913442225129096
Valine,Val,V,Nonpolar,4.2,117.15,2.32,9.62,-,5.96,1,C,-1.0548052488282786,-0.4243809729043923,0.6144398272267066
Valine,Val,V,Nonpolar,4.2,117.15,2.32,9.62,-,5.96,2,C,0.12316834506883285,0.37454830061588445,-0.12309214334501564
Valine,Val,V,Nonpolar,4.2,117.15,2.32,9.62,-,5.96,3,C,1.5361811307487506,0.01609127715491594,-0.4046834943635488
Valine,Val,V,Nonpolar,4.2,117.15,2.32,9.62,-,5.96,4,O,2.030766687391955,-0.15510328654324623,-1.5248481919975116
Valine,Val,V,Nonpolar,4.2,117.15,2.32,9.62,-,5.96,5,O,2.3517848011713573,0.04016609328016827,0.5208797232605132
Valine,Val,V,Nonpolar,4.2,117.15,2.32,9.62,-,5.96,6,N,-0.1658433458242191,1.7860295954821826,0.05367082419987509
Valine,Val,V,Nonpolar,4.2,117.15,2.32,9.62,-,5.96,7,C,-1.3458430991318004,-0.1927061260017436,2.107191093315739
Valine,Val,V,Nonpolar,4.2,117.15,2.32,9.62,-,5.96,8,C,-2.4933457412197083,-1.1689211671792017,0.2233705832027231
Valine,Val,V,Nonpolar,4.2,117.15,2.32,9.62,-,5.96,9,H,-0.26116429868965985,-0.9068453231425967,-0.0920851568732492
Valine,Val,V,Nonpolar,4.2,117.15,2.32,9.62,-,5.96,10,H,-1.478884714192104,0.3336180935722497,0.2971271101358482
Valine,Val,V,Nonpolar,4.2,117.15,2.32,9.62,-,5.96,11,H,0.6765203228730544,-0.1494410853791774,0.6796974446262715
Valine,Val,V,Nonpolar,4.2,117.15,2.32,9.62,-,5.96,12,H,2.033170964333082,-0.8061724415520936,0.2851861410583169
Valine,Val,V,Nonpolar,4.2,117.15,2.32,9.62,-,5.96,13,H,-0.6671086526260851,2.1274939500691774,-0.7050930868247748
Valine,Val,V,Nonpolar,4.2,117.15,2.32,9.62,-,5.96,14,H,-0.142088149024104,2.239021595927436,0.844093496135452
Valine,Val,V,Nonpolar,4.2,117.15,2.32,9.62,-,5.96,15,H,-0.6918428649343368,0.4836860543050984,2.678904332846819
Valine,Val,V,Nonpolar,4.2,117.15,2.32,9.62,-,5.96,16,H,-1.7347174963327145,-0.8796931502000542,2.8471494639475753
Valine,Val,V,Nonpolar,4.2,117.15,2.32,9.62,-,5.96,17,H,-2.470344714717297,-1.013387071717186,3.009075417285103
Valine,Val,V,Nonpolar,4.2,117.15,2.32,9.62,-,5.96,18,H,-2.5350802741453193,-2.2237790298911594,0.505353666162114
Valine,Val,V,Nonpolar,4.2,117.15,2.32,9.62,-,5.96,19,H,-2.374652960803207,-0.9740571420860045,-0.8480227137489156
Valine,Val,V,Nonpolar,4.2,117.15,2.32,9.62,-,5.96,20,H,-3.4930930541828437,-0.947024171188845,0.5782790104397174
Leucine,Leu,L,Nonpolar,3.8,131.17,2.36,9.6,-,5.98,1,C,0.6902082415863893,0.12386577635990658,-0.12700906887366283
Leucine,Leu,L,Nonpolar,3.8,131.17,2.36,9.6,-,5.98,2,C,-0.003181529170868326,0.5171513280086962,1.215884021805974
Leucine,Leu,L,Nonpolar,3.8,131.17,2.36,9.6,-,5.98,3,C,-1.3741350297000544,0.3376984680589593,1.777095360439496
Leucine,Leu,L,Nonpolar,3.8,131.17,2.36,9.6,-,5.98,4,O,-2.3880586312421774,0.8382312340652087,1.243216762779176
Leucine,Leu,L,Nonpolar,3.8,131.17,2.36,9.6,-,5.98,5,O,-1.4970840040188413,-0.2776378912761405,2.861093697259345
Leucine,Leu,L,Nonpolar,3.8,131.17,2.36,9.6,-,5.98,6,N,0.7229361476720541,1.750678108664565,1.270249196113282
Leucine,Leu,L,Nonpolar,3.8,131.17,2.36,9.6,-,5.98,7,C,1.9161496365329814,-0.6505636153452983,-0.5616684967836156
Leucine,Leu,L,Nonpolar,3.8,131.17,2.36,9.6,-,5.98,8,C,2.657628796639143,0.015399140200389767,-1.7504219900584588
Leucine,Leu,L,Nonpolar,3.8,131.17,2.36,9.6,-,5.98,9,C,2.1128244161766153,-0.15940534930020504,0.859581058007819
Leucine,Leu,L,Nonpolar,3.8,131.17,2.36,9.6,-,5.98,10,H,0.15919298966783144,-0.3041049371499683,-0.9901967961761766
Leucine,Leu,L,Nonpolar,3.8,131.17,2.36,9.6,-,5.98,11,H,0.3220265237752469,0.8241204598611086,-0.752165512907747
Leucine,Leu,L,Nonpolar,3.8,131.17,2.36,9.6,-,5.98,12,H,-0.11705424575945146,0.02621498909221635,2.1393894451985957
Leucine,Leu,L,Nonpolar,3.8,131.17,2.36,9.6,-,5.98,13,H,-2.2780500397824067,-0.4139622598319334,3.557468094332684
Leucine,Leu,L,Nonpolar,3.8,131.17,2.36,9.6,-,5.98,14,H,0.33314379741890404,2.238923349115555,0.49050920174727785
Leucine,Leu,L,Nonpolar,3.8,131.17,2.36,9.6,-,5.98,15,H,0.8630864231681172,2.3053305920129775,2.071974849536873
Leucine,Leu,L,Nonpolar,3.8,131.17,2.36,9.6,-,5.98,16,H,2.5720930726043457,-0.6154568683949814,0.1351569481685281
Leucine,Leu,L,Nonpolar,3.8,131.17,2.36,9.6,-,5.98,17,H,1.606182993824563,-1.6501591702021674,-0.9320338950502089
Leucine,Leu,L,Nonpolar,3.8,131.17,2.36,9.6,-,5.98,18,H,1.6860818376930136,0.6144472747004206,1.6221350131697237
Leucine,Leu,L,Nonpolar,3.8,131.17,2.36,9.6,-,5.98,19,H,3.001627718586255,-0.7237621515752207,-2.451039018347073
Leucine,Leu,L,Nonpolar,3.8,131.17,2.36,9.6,-,5.98,20,H,2.009400467468827,0.7640113451482601,-2.230047234949628
Leucine,Leu,L,Nonpolar,3.8,131.17,2.36,9.6,-,5.98,21,H,3.567347885173996,0.4262167701352513,-1.3380406500768637
Isoleucine,Ile,I,Nonpolar,4.5,131.17,2.36,9.6,-,6.02,1,C,-0.7689624328430272,0.16113615703817677,0.6650532707072593
Isoleucine,Ile,I,Nonpolar,4.5,131.17,2.36,9.6,-,6.02,2,C,0.5131657431231622,0.0721351885571687,-0.05882909288429756
Isoleucine,Ile,I,Nonpolar,4.5,131.17,2.36,9.6,-,6.02,3,C,1.6365124058314222,-0.6760929712413848,0.532385723589196
Isoleucine,Ile,I,Nonpolar,4.5,131.17,2.36,9.6,-,6.02,4,O,2.773086093287992,-0.2200858656937794,0.8501166953741363
Isoleucine,Ile,I,Nonpolar,4.5,131.17,2.36,9.6,-,6.02,5,O,1.4656720890752942,-1.8682796289914216,0.5901491185136977
Isoleucine,Ile,I,Nonpolar,4.5,131.17,2.36,9.6,-,6.02,6,N,0.08305312205405448,0.2961690791381138,-1.4803751485171502
Isoleucine,Ile,I,Nonpolar,4.5,131.17,2.36,9.6,-,6.02,7,C,-0.8032043741545336,1.4970800242011695,1.3842905820915326
Isoleucine,Ile,I,Nonpolar,4.5,131.17,2.36,9.6,-,6.02,8,C,-2.178864714135093,2.1472929628584964,1.0802786397977415
Isoleucine,Ile,I,Nonpolar,4.5,131.17,2.36,9.6,-,6.02,9,C,-0.5524703647140867,1.2501978280076287,2.8733740536451733
Isoleucine,Ile,I,Nonpolar,4.5,131.17,2.36,9.6,-,6.02,10,H,-1.3201124824295026,-0.6625753793744989,0.24265208026809986
Isoleucine,Ile,I,Nonpolar,4.5,131.17,2.36,9.6,-,6.02,11,H,-1.0945100544235147,0.3684966951009508,-0.24686815920882782
Isoleucine,Ile,I,Nonpolar,4.5,131.17,2.36,9.6,-,6.02,12,H,0.6840024964233269,0.9816762569420547,0.48487952994777735
Isoleucine,Ile,I,Nonpolar,4.5,131.17,2.36,9.6,-,6.02,13,H,2.0131932838532557,-0.997252250373154,1.496052949473137
Isoleucine,Ile,I,Nonpolar,4.5,131.17,2.36,9.6,-,6.02,14,H,0.37378030516814246,1.1705292784670577,-1.8044336451358454
Isoleucine,Ile,I,Nonpolar,4.5,131.17,2.36,9.6,-,6.02,15,H,-0.7221974657847148,-0.4165124140178841,-1.9380514138659812
Isoleucine,Ile,I,Nonpolar,4.5,131.17,2.36,9.6,-,6.02,16,H,-0.3164427176850385,1.3831932035931432,0.4791819015411467
Isoleucine,Ile,I,Nonpolar,4.5,131.17,2.36,9.6,-,6.02,17,H,-2.3577654207597894,3.0420790938351366,1.679989131779134
Isoleucine,Ile,I,Nonpolar,4.5,131.17,2.36,9.6,-,6.02,18,H,-2.183008225606013,2.3981700730769176,0.025093967564574917
Isoleucine,Ile,I,Nonpolar,4.5,131.17,2.36,9.6,-,6.02,19,H,-2.9674636847665327,1.4398259932966342,1.185184138663085
Isoleucine,Ile,I,Nonpolar,4.5,131.17,2.36,9.6,-,6.02,20,H,0.3244183752524962,0.4806757689782973,3.384717093996106
Isoleucine,Ile,I,Nonpolar,4.5,131.17,2.36,9.6,-,6.02,21,H,-0.6721621813831784,2.1386052400036844,3.496433117463295
Isoleucine,Ile,I,Nonpolar,4.5,131.17,2.36,9.6,-,6.02,22,H,-1.4001338680036856,0.5754041513941493,3.125740139596199
Methionine,Met,M,Nonpolar,1.9,149.21,2.28,9.21,-,5.74,1,C,-0.2622208251779817,0.5155993413010016,0.5032969656461152
Methionine,Met,M,Nonpolar,1.9,149.21,2.28,9.21,-,5.74,2,C,0.11594714248058974,-0.1522560970866868,-0.8069874132583287
Methionine,Met,M,Nonpolar,1.9,149.21,2.28,9.21,-,5.74,3,C,-0.15330088534060137,-1.5772494201431595,-0.9963745409591937
Methionine,Met,M,Nonpolar,1.9,149.21,2.28,9.21,-,5.74,4,O,-0.8166277141081236,-2.247054054534885,-0.12362718555822547
Methionine,Met,M,Nonpolar,1.9,149.21,2.28,9.21,-,5.74,5,O,0.23370406559677454,-2.086529374018229,-2.0546936829902414
Methionine,Met,M,Nonpolar,1.9,149.21,2.28,9.21,-,5.74,6,N,1.4640576933900867,0.09537319360077468,-1.351006980201468
Methionine,Met,M,Nonpolar,1.9,149.21,2.28,9.21,-,5.74,7,C,-0.7995560131594738,1.9493352622439457,0.7182070459683012
Methionine,Met,M,Nonpolar,1.9,149.21,2.28,9.21,-,5.74,8,C,-1.698447606490154,2.3743227230303245,-0.45915611032384956
Methionine,Met,M,Nonpolar,1.9,149.21,2.28,9.21,-,5.74,9,S,-2.7454960500959235,3.796484003900901,-0.16960911709942998
Methionine,Met,M,Nonpolar,1.9,149.21,2.28,9.21,-,5.74,10,C,-4.021645904848086,3.3508240672770486,0.6323205161103174
Methionine,Met,M,Nonpolar,1.9,149.21,2.28,9.21,-,5.74,11,H,-0.2970548424517516,0.07165951568422593,1.513470791496662
Methionine,Met,M,Nonpolar,1.9,149.21,2.28,9.21,-,5.74,12,H,0.3271157349920546,1.4394392642180038,0.25814783322814986
Methionine,Met,M,Nonpolar,1.9,149.21,2.28,9.21,-,5.74,13,H,0.5088039731064023,-0.6995416638853772,-1.6267146289274477
Methionine,Met,M,Nonpolar,1.9,149.21,2.28,9.21,-,5.74,14,H,-0.7850857961505749,-2.1671863911232123,0.7349391391000861
Methionine,Met,M,Nonpolar,1.9,149.21,2.28,9.21,-,5.74,15,H,1.6173471483444983,0.6572970510408166,-2.1415640540505784
Methionine,Met,M,Nonpolar,1.9,149.21,2.28,9.21,-,5.74,16,H,2.2010588536932037,-0.45675699787395724,-1.666054744513723
Methionine,Met,M,Nonpolar,1.9,149.21,2.28,9.21,-,5.74,17,H,-0.11289098642737415,2.7314555940003454,0.9980942583059719
Methionine,Met,M,Nonpolar,1.9,149.21,2.28,9.21,-,5.74,18,H,-1.1918390580191827,2.2840951270801937,1.6283631451884966
Methionine,Met,M,Nonpolar,1.9,149.21,2.28,9.21,-,5.74,19,H,-2.135683978098628,1.589966483878683,-1.0756645726725036
Methionine,Met,M,Nonpolar,1.9,149.21,2.28,9.21,-,5.74,20,H,-4.769374523135593,3.971523496496991,0.17326062742396873
Methionine,Met,M,Nonpolar,1.9,149.21,2.28,9.21,-,5.74,21,H,-3.796071418083201,3.489498848125786,1.693445664106684
Methionine,Met,M,Nonpolar,1.9,149.21,2.28,9.21,-,5.74,22,H,-4.305804216240126,2.318768457146829,0.6002116143183451
Proline,Pro,P,Nonpolar (unique ring),-1.6,115.13,1.99,10.6,-,6.3,1,C,0.3634813890422516,0.5943745866419678,-0.0827171359426264
Proline,Pro,P,Nonpolar (unique ring),-1.6,115.13,1.99,10.6,-,6.3,2,C,-0.1290010038032944,-0.2010230931210958,1.1546983381155836
Proline,Pro,P,Nonpolar (unique ring),-1.6,115.13,1.99,10.6,-,6.3,3,C,-0.9819337146781549,-1.3265636980036506,0.6790392623891023
Proline,Pro,P,Nonpolar (unique ring),-1.6,115.13,1.99,10.6,-,6.3,4,O,-1.8243453774738583,-1.7794966820210935,1.5093773743492336
Proline,Pro,P,Nonpolar (unique ring),-1.6,115.13,1.99,10.6,-,6.3,5,O,-0.9684940930851153,-1.807766022195614,-0.4607966015726281
Proline,Pro,P,Nonpolar (unique ring),-1.6,115.13,1.99,10.6,-,6.3,6,N,0.5332778241301716,-0.8243075995487898,2.094695280141628
Proline,Pro,P,Nonpolar (unique ring),-1.6,115.13,1.99,10.6,-,6.3,7,C,1.8212486075239373,-0.4453612324162859,1.7625712963180516
Proline,Pro,P,Nonpolar (unique ring),-1.6,115.13,1.99,10.6,-,6.3,8,C,1.5977839786931115,0.2795553892934594,0.4277717141351346
Proline,Pro,P,Nonpolar (unique ring),-1.6,115.13,1.99,10.6,-,6.3,9,C,1.8276623189661755,-0.7926945115860183,-0.9913643785658847
Proline,Pro,P,Nonpolar (unique ring),-1.6,115.13,1.99,10.6,-,6.3,10,H,0.2795533781089999,1.6620840700870548,-0.15939416805560988
Proline,Pro,P,Nonpolar (unique ring),-1.6,115.13,1.99,10.6,-,6.3,11,H,-0.5761592411221626,0.3983708075248738,-0.9216871170940851
Proline,Pro,P,Nonpolar (unique ring),-1.6,115.13,1.99,10.6,-,6.3,12,H,-0.4066286726720714,-2.2550833632470267,1.108879093548208
Proline,Pro,P,Nonpolar (unique ring),-1.6,115.13,1.99,10.6,-,6.3,13,H,2.5027084963809275,-0.9639551426806958,2.513728138129135
Proline,Pro,P,Nonpolar (unique ring),-1.6,115.13,1.99,10.6,-,6.3,14,H,2.304897975123714,-0.09346698609341327,2.2786308911201254
Proline,Pro,P,Nonpolar (unique ring),-1.6,115.13,1.99,10.6,-,6.3,15,H,2.1081494689904684,0.10189409920677288,0.17196499912941363
Proline,Pro,P,Nonpolar (unique ring),-1.6,115.13,1.99,10.6,-,6.3,16,H,1.1435338944730934,0.030652496524004627,-0.21276642127858537
Phenylalanine,Phe,F,Nonpolar (aromatic),2.8,165.19,1.83,9.13,-,5.48,1,C,-0.0017046978701701935,0.2166935759841167,0.6586574685230544
Phenylalanine,Phe,F,Nonpolar (aromatic),2.8,165.19,1.83,9.13,-,5.48,2,C,0.004945991672042136,0.04585807109314065,-0.8372427234961647
Phenylalanine,Phe,F,Nonpolar (aromatic),2.8,165.19,1.83,9.13,-,5.48,3,C,-0.09839508495510076,-1.3804683153020076,-1.1911355103161036
Phenylalanine,Phe,F,Nonpolar (aromatic),2.8,165.19,1.83,9.13,-,5.48,4,O,-0.07182466435272826,-2.3140427769297926,-0.3602969274670588
Phenylalanine,Phe,F,Nonpolar (aromatic),2.8,165.19,1.83,9.13,-,5.48,5,O,-0.2127141652304015,-1.4732654954641044,-2.3850423509665847
Phenylalanine,Phe,F,Nonpolar (aromatic),2.8,165.19,1.83,9.13,-,5.48,6,N,1.2458651439031776,0.1818243755864682,-1.526589270214141
Phenylalanine,Phe,F,Nonpolar (aromatic),2.8,165.19,1.83,9.13,-,5.48,7,C,-0.9419292635728051,1.3422082293287337,1.2234122784823418
Phenylalanine,Phe,F,Nonpolar (aromatic),2.8,165.19,1.83,9.13,-,5.48,8,C,-2.2491411206098423,1.0949743051040857,1.907105204717076
Phenylalanine,Phe,F,Nonpolar (aromatic),2.8,165.19,1.83,9.13,-,5.48,9,C,-2.6180642852836867,2.2087844165996646,2.683689194320195
Phenylalanine,Phe,F,Nonpolar (aromatic),2.8,165.19,1.83,9.13,-,5.48,10,C,-3.848346251305297,2.128468652139167,3.373595496246688
Phenylalanine,Phe,F,Nonpolar (aromatic),2.8,165.19,1.83,9.13,-,5.48,11,C,-4.711174368352404,1.0546585406435884,3.2873115066435684
Phenylalanine,Phe,F,Nonpolar (aromatic),2.8,165.19,1.83,9.13,-,5.48,12,C,-4.342250203678559,0.06084842914800964,2.5107275170404496
Phenylalanine,Phe,F,Nonpolar (aromatic),2.8,165.19,1.83,9.13,-,5.48,13,C,-3.1119682376569484,0.14116419360850663,1.8208212151139567
Phenylalanine,Phe,F,Nonpolar (aromatic),2.8,165.19,1.83,9.13,-,5.48,14,H,-0.11335914619605085,0.8556273062101341,-0.16553456698451717
Phenylalanine,Phe,F,Nonpolar (aromatic),2.8,165.19,1.83,9.13,-,5.48,15,H,0.5178243896091507,-0.3560379347760856,1.3458685892055184
Phenylalanine,Phe,F,Nonpolar (aromatic),2.8,165.19,1.83,9.13,-,5.48,16,H,0.19480367213505837,-0.6141052460990545,-2.3890267347560484
Phenylalanine,Phe,F,Nonpolar (aromatic),2.8,165.19,1.83,9.13,-,5.48,17,H,-0.5238202993263157,-2.151382991496234,0.5848689871121605
Phenylalanine,Phe,F,Nonpolar (aromatic),2.8,165.19,1.83,9.13,-,5.48,18,H,1.6621916422956358,-0.6957341970750584,-1.183949231981413
Phenylalanine,Phe,F,Nonpolar (aromatic),2.8,165.19,1.83,9.13,-,5.48,19,H,1.7240841986700194,0.9469081361359866,-1.1679233531052762
Phenylalanine,Phe,F,Nonpolar (aromatic),2.8,165.19,1.83,9.13,-,5.48,20,H,-0.6370759151387479,2.1692877895329763,0.679752580650814
Phenylalanine,Phe,F,Nonpolar (aromatic),2.8,165.19,1.83,9.13,-,5.48,21,H,-2.0403099432247043,3.0568240280305324,2.757838444396777
Phenylalanine,Phe,F,Nonpolar (aromatic),2.8,165.19,1.83,9.13,-,5.48,22,H,-4.112004987974432,3.000508264570035,4.001255798112279
Phenylalanine,Phe,F,Nonpolar (aromatic),2.8,165.19,1.83,9.13,-,5.48,23,H,-5.703466553346652,0.9876781530744564,3.836971808509159
Phenylalanine,Phe,F,Nonpolar (aromatic),2.8,165.19,1.83,9.13,-,5.48,24,H,-4.990934940274462,-0.8111911832828584,2.444576267114868
Tryptophan,Trp,W,Nonpolar (aromatic),-0.9,204.23,2.83,9.39,-,5.89,1,C,-0.16402818823431558,-0.2956997239879985,-0.38848424607998454
Tryptophan,Trp,W,Nonpolar (aromatic),-0.9,204.23,2.83,9.39,-,5.89,2,C,0.05659593894638932,-0.19511112852465085,1.1103989917170394
Tryptophan,Trp,W,Nonpolar (aromatic),-0.9,204.23,2.83,9.39,-,5.89,3,C,-0.08062831559432158,0.9343773140130584,1.9761350530546252
Tryptophan,Trp,W,Nonpolar (aromatic),-0.9,204.23,2.83,9.39,-,5.89,4,O,-0.6040666048735958,0.8312509943182954,3.087101750630104
Tryptophan,Trp,W,Nonpolar (aromatic),-0.9,204.23,2.83,9.39,-,5.89,5,O,0.17524668338951882,2.029305256527711,1.4962551428928537
Tryptophan,Trp,W,Nonpolar (aromatic),-0.9,204.23,2.83,9.39,-,5.89,6,N,1.2838734680931593,-0.8771709182059665,1.5124180923262466
Tryptophan,Trp,W,Nonpolar (aromatic),-0.9,204.23,2.83,9.39,-,5.89,7,C,-0.9871640478850532,-1.3628567142550147,-1.131058518853104
Tryptophan,Trp,W,Nonpolar (aromatic),-0.9,204.23,2.83,9.39,-,5.89,8,C,-0.7694361775930757,-2.657737280458071,-1.7141638030484047
Tryptophan,Trp,W,Nonpolar (aromatic),-0.9,204.23,2.83,9.39,-,5.89,9,C,-1.5096317040475124,-3.722352875918294,-1.2605484960560222
Tryptophan,Trp,W,Nonpolar (aromatic),-0.9,204.23,2.83,9.39,-,5.89,10,C,-1.1770339334921364,-4.748117766160463,-1.931983351583881
Tryptophan,Trp,W,Nonpolar (aromatic),-0.9,204.23,2.83,9.39,-,5.89,11,C,-0.10505474909367846,-4.708851174294165,-2.776865486586794
Tryptophan,Trp,W,Nonpolar (aromatic),-0.9,204.23,2.83,9.39,-,5.89,12,C,0.6351397773607591,-3.644235578834942,-3.230480793579176
Tryptophan,Trp,W,Nonpolar (aromatic),-0.9,204.23,2.83,9.39,-,5.89,13,N,0.3025410068053831,-2.6184706885927727,-2.559045938051317
Tryptophan,Trp,W,Nonpolar (aromatic),-0.9,204.23,2.83,9.39,-,5.89,14,C,1.0338455327596957,-1.55385509313255,-3.0126611005435586
Tryptophan,Trp,W,Nonpolar (aromatic),-0.9,204.23,2.83,9.39,-,5.89,15,C,0.7012477622043196,-0.5280902028903804,-2.3412262450156997
Tryptophan,Trp,W,Nonpolar (aromatic),-0.9,204.23,2.83,9.39,-,5.89,16,C,-0.3707314221937386,-0.5688567947566784,-1.4963441100127868
Tryptophan,Trp,W,Nonpolar (aromatic),-0.9,204.23,2.83,9.39,-,5.89,17,H,0.1721031604695254,-0.9573933880931746,-0.8143775340602496
Tryptophan,Trp,W,Nonpolar (aromatic),-0.9,204.23,2.83,9.39,-,5.89,18,H,-0.8411268301491985,0.20562735441858394,-0.3786726399388518
Tryptophan,Trp,W,Nonpolar (aromatic),-0.9,204.23,2.83,9.39,-,5.89,19,H,0.5132499630831137,-0.5952344688143166,1.9996632107426158
Tryptophan,Trp,W,Nonpolar (aromatic),-0.9,204.23,2.83,9.39,-,5.89,20,H,-0.4921109689877792,2.702054668676927,1.861865132752581
Tryptophan,Trp,W,Nonpolar (aromatic),-0.9,204.23,2.83,9.39,-,5.89,21,H,1.7577009664856147,-0.6934365276307186,0.6230909553003302
Tryptophan,Trp,W,Nonpolar (aromatic),-0.9,204.23,2.83,9.39,-,5.89,22,H,1.7509994924395328,-1.4137046287298778,2.109784106861466
Tryptophan,Trp,W,Nonpolar (aromatic),-0.9,204.23,2.83,9.39,-,5.89,23,H,-1.6145853727816556,-1.3081218204583443,-0.552462974989873
Tryptophan,Trp,W,Nonpolar (aromatic),-0.9,204.23,2.83,9.39,-,5.89,24,H,-2.380231549379831,-3.761619467784592,-0.6142077005281627
Tryptophan,Trp,W,Nonpolar (aromatic),-0.9,204.23,2.83,9.39,-,5.89,25,H,-1.766433703102888,-5.572486657402632,-2.3084182071117403
Tryptophan,Trp,W,Nonpolar (aromatic),-0.9,204.23,2.83,9.39,-,5.89,26,H,1.805135622714008,-1.5131216852652517,-3.6590018960715997
Tryptophan,Trp,W,Nonpolar (aromatic),-0.9,204.23,2.83,9.39,-,5.89,27,H,1.874535468667321,1.2962790878767185,-2.7146663505994586
Serine,Ser,S,Polar (uncharged),-0.8,105.09,2.21,9.15,-,5.68,1,C,0.11226062493360976,0.6280584909234746,-0.2090589438631409
Serine,Ser,S,Polar (uncharged),-0.8,105.09,2.21,9.15,-,5.68,2,C,-0.06013475630431426,-0.1258966736875755,1.1159130233846327
Serine,Ser,S,Polar (uncharged),-0.8,105.09,2.21,9.15,-,5.68,3,C,-0.11522434687706838,-1.6003406710949744,1.2393401953450018
Serine,Ser,S,Polar (uncharged),-0.8,105.09,2.21,9.15,-,5.68,4,O,-0.6040689511946876,-2.1891107792772033,0.26246392020809246
Serine,Ser,S,Polar (uncharged),-0.8,105.09,2.21,9.15,-,5.68,5,O,0.15611909214627596,-2.1951699854204457,2.351089246714786
Serine,Ser,S,Polar (uncharged),-0.8,105.09,2.21,9.15,-,5.68,6,N,0.8415595950402048,0.013867167803033862,2.103372223912298
Serine,Ser,S,Polar (uncharged),-0.8,105.09,2.21,9.15,-,5.68,7,O,0.6802751053116723,1.9842601496099892,-0.4449596271512969
Serine,Ser,S,Polar (uncharged),-0.8,105.09,2.21,9.15,-,5.68,8,H,-0.1399732777560585,0.20401366530669856,-1.145192571806047
Serine,Ser,S,Polar (uncharged),-0.8,105.09,2.21,9.15,-,5.68,9,H,0.6632948886550939,0.8857173155406983,0.6236569839788055
Serine,Ser,S,Polar (uncharged),-0.8,105.09,2.21,9.15,-,5.68,10,H,-0.5406262869550265,-0.2101895777686715,3.054242766155685
Serine,Ser,S,Polar (uncharged),-0.8,105.09,2.21,9.15,-,5.68,11,H,0.41699159519886857,0.4962993424202584,2.863879496379112
Serine,Ser,S,Polar (uncharged),-0.8,105.09,2.21,9.15,-,5.68,12,H,1.824139099346809,0.0375109924202584,1.8392154974454838
Serine,Ser,S,Polar (uncharged),-0.8,105.09,2.21,9.15,-,5.68,13,H,0.5514776152632398,2.351466499843439,-1.3143952826197118
Serine,Ser,S,Polar (uncharged),-0.8,105.09,2.21,9.15,-,5.68,14,H,1.611093609618287,1.5957087993765397,-0.311604971683482
Threonine,Thr,T,Polar (uncharged),-0.7,119.12,2.63,9.1,-,5.6,1,C,-0.03913524369617365,0.5150957177506095,-0.2780711747231862
Threonine,Thr,T,Polar (uncharged),-0.7,119.12,2.63,9.1,-,5.6,2,C,0.14224934599662863,-0.0981652187057098,1.1397431155197778
Threonine,Thr,T,Polar (uncharged),-0.7,119.12,2.63,9.1,-,5.6,3,C,-0.05409225529737627,-1.5733796158562164,1.298297984885623
Threonine,Thr,T,Polar (uncharged),-0.7,119.12,2.63,9.1,-,5.6,4,O,-0.5337685596149955,-2.192353693146445,0.351297984885623
Threonine,Thr,T,Polar (uncharged),-0.7,119.12,2.63,9.1,-,5.6,5,O,0.07054843968225173,-2.1731496158562164,2.373297984885623
Threonine,Thr,T,Polar (uncharged),-0.7,119.12,2.63,9.1,-,5.6,6,N,1.4636977459966286,0.1358347812942902,1.6692431155197777
Threonine,Thr,T,Polar (uncharged),-0.7,119.12,2.63,9.1,-,5.6,7,O,-0.19154265529617365,1.8920957177506094,-0.6370711747231862
Threonine,Thr,T,Polar (uncharged),-0.7,119.12,2.63,9.1,-,5.6,8,C,-0.5361352436961737,0.3898347812942902,2.5112431155197777
Threonine,Thr,T,Polar (uncharged),-0.7,119.12,2.63,9.1,-,5.6,9,H,0.09586475630382636,0.0488347812942902,-1.1840711747231862
Threonine,Thr,T,Polar (uncharged),-0.7,119.12,2.63,9.1,-,5.6,10,H,-0.7341352436961736,0.8058347812942902,-0.6150711747231862
Threonine,Thr,T,Polar (uncharged),-0.7,119.12,2.63,9.1,-,5.6,11,H,0.4042493459966286,-0.7011652187057098,1.9757431155197777
Threonine,Thr,T,Polar (uncharged),-0.7,119.12,2.63,9.1,-,5.6,12,H,-0.6040922552973763,-2.1763796158562163,0.463297984885623
Threonine,Thr,T,Polar (uncharged),-0.7,119.12,2.63,9.1,-,5.6,13,H,1.7666977459966286,-0.4611652187057098,1.3322431155197777
Threonine,Thr,T,Polar (uncharged),-0.7,119.12,2.63,9.1,-,5.6,14,H,2.1356977459966287,0.5488347812942902,1.0592431155197777
Threonine,Thr,T,Polar (uncharged),-0.7,119.12,2.63,9.1,-,5.6,15,H,-0.19154265529617365,2.6870957177506095,-0.1450711747231862
Threonine,Thr,T,Polar (uncharged),-0.7,119.12,2.63,9.1,-,5.6,16,H,-0.8791352436961736,0.3898347812942902,3.5112431155197777
Threonine,Thr,T,Polar (uncharged),-0.7,119.12,2.63,9.1,-,5.6,17,H,-0.5361352436961737,1.3898347812942902,2.5112431155197777
Threonine,Thr,T,Polar (uncharged),-0.7,119.12,2.63,9.1,-,5.6,18,H,-1.5361352436961736,0.3898347812942902,2.5112431155197777
Cysteine,Cys,C,Polar (uncharged),2.5,121.16,1.96,10.28,8.18,5.07,1,C,-0.19598932110521426,0.6140545484453117,-0.24046586004278732
Cysteine,Cys,C,Polar (uncharged),2.5,121.16,1.96,10.28,8.18,5.07,2,C,0.11628912067615462,-0.09834545155468827,1.1065341399572127
Cysteine,Cys,C,Polar (uncharged),2.5,121.16,1.96,10.28,8.18,5.07,3,C,-0.019710879323845376,-1.5733454515546883,1.2965341399572127
Cysteine,Cys,C,Polar (uncharged),2.5,121.16,1.96,10.28,8.18,5.07,4,O,-0.49898932110521426,-2.1923454515546883,0.3495341399572127
Cysteine,Cys,C,Polar (uncharged),2.5,121.16,1.96,10.28,8.18,5.07,5,O,0.14828912067615462,-2.1733454515546883,2.3735341399572127
Cysteine,Cys,C,Polar (uncharged),2.5,121.16,1.96,10.28,8.18,5.07,6,N,1.4632891206761546,0.13565454844531173,1.6695341399572127
Cysteine,Cys,C,Polar (uncharged),2.5,121.16,1.96,10.28,8.18,5.07,7,S,-0.6649893211052143,1.8920545484453117,-0.5994658600427873
Cysteine,Cys,C,Polar (uncharged),2.5,121.16,1.96,10.28,8.18,5.07,8,H,0.06401067889478574,0.04805454844531173,-1.1464658600427873
Cysteine,Cys,C,Polar (uncharged),2.5,121.16,1.96,10.28,8.18,5.07,9,H,-0.8899893211052143,0.8050545484453117,-0.5774658600427873
Cysteine,Cys,C,Polar (uncharged),2.5,121.16,1.96,10.28,8.18,5.07,10,H,0.4082891206761546,-0.7013454515546883,1.9425341399572127
Cysteine,Cys,C,Polar (uncharged),2.5,121.16,1.96,10.28,8.18,5.07,11,H,-0.4989893211052143,-2.1923454515546883,0.3515341399572127
Cysteine,Cys,C,Polar (uncharged),2.5,121.16,1.96,10.28,8.18,5.07,12,H,1.7662891206761546,-0.4613454515546883,1.3325341399572127
Cysteine,Cys,C,Polar (uncharged),2.5,121.16,1.96,10.28,8.18,5.07,13,H,2.1352891206761546,0.5486545484453117,1.0595341399572127
Cysteine,Cys,C,Polar (uncharged),2.5,121.16,1.96,10.28,8.18,5.07,14,H,-0.19598932110521426,2.6870545484453117,-0.14546586004278732
Tyrosine,Tyr,Y,Polar (uncharged),-1.3,181.19,2.2,9.11,10.07,5.66,1,C,-0.0017046978701701935,0.2166935759841167,0.6586574685230544
Tyrosine,Tyr,Y,Polar (uncharged),-1.3,181.19,2.2,9.11,10.07,5.66,2,C,0.004945991672042136,0.04585807109314065,-0.8372427234961647
Tyrosine,Tyr,Y,Polar (uncharged),-1.3,181.19,2.2,9.11,10.07,5.66,3,C,-0.09839508495510076,-1.3804683153020076,-1.1911355103161036
Tyrosine,Tyr,Y,Polar (uncharged),-1.3,181.19,2.2,9.11,10.07,5.66,4,O,-0.07182466435272826,-2.3140427769297926,-0.3602969274670588
Tyrosine,Tyr,Y,Polar (uncharged),-1.3,181.19,2.2,9.11,10.07,5.66,5,O,-0.2127141652304015,-1.4732654954641044,-2.3850423509665847
Tyrosine,Tyr,Y,Polar (uncharged),-1.3,181.19,2.2,9.11,10.07,5.66,6,N,1.2458651439031776,0.1818243755864682,-1.526589270214141
Tyrosine,Tyr,Y,Polar (uncharged),-1.3,181.19,2.2,9.11,10.07,5.66,7,C,-0.9419292635728051,1.3422082293287337,1.2234122784823418
Tyrosine,Tyr,Y,Polar (uncharged),-1.3,181.19,2.2,9.11,10.07,5.66,8,C,-2.2491411206098423,1.0949743051040857,1.907105204717076
Tyrosine,Tyr,Y,Polar (uncharged),-1.3,181.19,2.2,9.11,10.07,5.66,9,C,-2.6180642852836867,2.2087844165996646,2.683689194320195
Tyrosine,Tyr,Y,Polar (uncharged),-1.3,181.19,2.2,9.11,10.07,5.66,10,C,-3.848346251305297,2.128468652139167,3.373595496246688
Tyrosine,Tyr,Y,Polar (uncharged),-1.3,181.19,2.2,9.11,10.07,5.66,11,C,-4.711174368352404,1.0546585406435884,3.2873115066435684
Tyrosine,Tyr,Y,Polar (uncharged),-1.3,181.19,2.2,9.11,10.07,5.66,12,C,-4.342250203678559,0.06084842914800964,2.5107275170404496
Tyrosine,Tyr,Y,Polar (uncharged),-1.3,181.19,2.2,9.11,10.07,5.66,13,C,-3.1119682376569484,0.14116419360850663,1.8208212151139567
Tyrosine,Tyr,Y,Polar (uncharged),-1.3,181.19,2.2,9.11,10.07,5.66,14,O,-5.711174368352404,0.0546585406435884,3.2873115066435684
Tyrosine,Tyr,Y,Polar (uncharged),-1.3,181.19,2.2,9.11,10.07,5.66,15,H,-0.11335914619605085,0.8556273062101341,-0.16553456698451717
Tyrosine,Tyr,Y,Polar (uncharged),-1.3,181.19,2.2,9.11,10.07,5.66,16,H,0.5178243896091507,-0.3560379347760856,1.3458685892055184
Tyrosine,Tyr,Y,Polar (uncharged),-1.3,181.19,2.2,9.11,10.07,5.66,17,H,0.19480367213505837,-0.6141052460990545,-2.3890267347560484
Tyrosine,Tyr,Y,Polar (uncharged),-1.3,181.19,2.2,9.11,10.07,5.66,18,H,-0.5238202993263157,-2.151382991496234,0.5848689871121605
Tyrosine,Tyr,Y,Polar (uncharged),-1.3,181.19,2.2,9.11,10.07,5.66,19,H,1.6621916422956358,-0.6957341970750584,-1.183949231981413
Tyrosine,Tyr,Y,Polar (uncharged),-1.3,181.19,2.2,9.11,10.07,5.66,20,H,1.7241916422956358,-0.6957341970750584,-1.183949231981413
Tyrosine,Tyr,Y,Polar (uncharged),-1.3,181.19,2.2,9.11,10.07,5.66,21,H,-0.6370759151387479,2.1692877895329763,0.679752580650814
Tyrosine,Tyr,Y,Polar (uncharged),-1.3,181.19,2.2,9.11,10.07,5.66,22,H,-2.0403099432247043,3.0568240280305324,2.757838444396777
Tyrosine,Tyr,Y,Polar (uncharged),-1.3,181.19,2.2,9.11,10.07,5.66,23,H,-4.112004987974432,3.000508264570035,4.001255798112279
Tyrosine,Tyr,Y,Polar (uncharged),-1.3,181.19,2.2,9.11,10.07,5.66,24,H,-4.990934940274462,-0.8111911832828584,2.444576267114868# Your existing lines from Glycine to Tyrosine go here (copy from your file, ensuring no truncation)
# ... (insert your 13 amino acids' atom lines)

# Generated missing amino acids:
Asparagine,Asn,N,Polar (uncharged),-3.5,132.12,2.02,8.8,-,5.41,1,N,-1.4475670689513205,-1.467464318888402,-1.0923117443882426
Asparagine,Asn,N,Polar (uncharged),-3.5,132.12,2.02,8.8,-,5.41,2,C,-0.6891473680177714,-0.8039296778752221,0.0007517411976838607
Asparagine,Asn,N,Polar (uncharged),-3.5,132.12,2.02,8.8,-,5.41,3,C,0.6328330160983111,-0.2663446026049638,-0.545777043141074
Asparagine,Asn,N,Polar (uncharged),-3.5,132.12,2.02,8.8,-,5.41,4,C,1.5271701677108698,0.21833460146947756,0.5727533624397865
Asparagine,Asn,N,Polar (uncharged),-3.5,132.12,2.02,8.8,-,5.41,5,N,2.704067756225892,0.7678070406946457,0.15417412325693464
Asparagine,Asn,N,Polar (uncharged),-3.5,132.12,2.02,8.8,-,5.41,6,O,1.2640035460431323,0.12667948916553007,1.7653308223305317
Asparagine,Asn,N,Polar (uncharged),-3.5,132.12,2.02,8.8,-,5.41,7,C,-1.581199828353597,0.2732840829113134,0.6345736878708017
Asparagine,Asn,N,Polar (uncharged),-3.5,132.12,2.02,8.8,-,5.41,8,O,-1.2230864111297066,1.542209990657567,0.35954769984028756
Asparagine,Asn,N,Polar (uncharged),-3.5,132.12,2.02,8.8,-,5.41,9,O,-2.6116011499002787,0.05582491639937243,1.2570451986997944
Asparagine,Asn,N,Polar (uncharged),-3.5,132.12,2.02,8.8,-,5.41,10,H,-1.7472506402301504,-0.7607351650729137,-1.7649701119589907
Asparagine,Asn,N,Polar (uncharged),-3.5,132.12,2.02,8.8,-,5.41,11,H,-2.3119923915158482,-1.837133933982698,-0.6867784422591464
Asparagine,Asn,N,Polar (uncharged),-3.5,132.12,2.02,8.8,-,5.41,12,H,-0.4851366695860313,-1.548096360349473,0.7800880029672804
Asparagine,Asn,N,Polar (uncharged),-3.5,132.12,2.02,8.8,-,5.41,13,H,1.1728009089835136,-1.0641367952082088,-1.071553346641729
Asparagine,Asn,N,Polar (uncharged),-3.5,132.12,2.02,8.8,-,5.41,14,H,0.47243690939051236,0.5546184441122293,-1.2549635654364675
Asparagine,Asn,N,Polar (uncharged),-3.5,132.12,2.02,8.8,-,5.41,15,H,2.893145917690595,0.9804284289262625,-0.8153608912375339
Asparagine,Asn,N,Polar (uncharged),-3.5,132.12,2.02,8.8,-,5.41,16,H,3.3170061969354485,1.1524280526181139,0.8617714468592113
Asparagine,Asn,N,Polar (uncharged),-3.5,132.12,2.02,8.8,-,5.41,17,H,-1.8864828913933187,2.0765309870270907,0.8456790596018412
Glutamine,Gln,Q,Polar (uncharged),-3.5,146.15,2.17,9.13,-,5.65,1,N,-1.4364274594342492,-2.3076197815605566,-0.3534393538061508
Glutamine,Gln,Q,Polar (uncharged),-3.5,146.15,2.17,9.13,-,5.65,2,C,-0.7406893620078989,-1.0709166121029672,0.08923194914339952
Glutamine,Gln,Q,Polar (uncharged),-3.5,146.15,2.17,9.13,-,5.65,3,C,-0.09072289613383666,-0.4226510087606509,-1.1411488732723496
Glutamine,Gln,Q,Polar (uncharged),-3.5,146.15,2.17,9.13,-,5.65,4,C,0.7446461507303554,0.8276200761871891,-0.8558157219281206
Glutamine,Gln,Q,Polar (uncharged),-3.5,146.15,2.17,9.13,-,5.65,5,C,1.9590631435402843,0.5675665826381929,0.009120142132184138
Glutamine,Gln,Q,Polar (uncharged),-3.5,146.15,2.17,9.13,-,5.65,6,N,2.633300647344512,1.694856204437879,0.37833516284474544
Glutamine,Gln,Q,Polar (uncharged),-3.5,146.15,2.17,9.13,-,5.65,7,O,2.354444120905335,-0.5394410884089403,0.34840105297483437
Glutamine,Gln,Q,Polar (uncharged),-3.5,146.15,2.17,9.13,-,5.65,8,C,-1.7621057468912344,-0.1395212627526262,0.7541119670150451
Glutamine,Gln,Q,Polar (uncharged),-3.5,146.15,2.17,9.13,-,5.65,9,O,-1.2064156006206528,0.7555560121091738,1.5939780503793428
Glutamine,Gln,Q,Polar (uncharged),-3.5,146.15,2.17,9.13,-,5.65,10,O,-2.9732103383874877,-0.15750966249791024,0.5898810708648108
Glutamine,Gln,Q,Polar (uncharged),-3.5,146.15,2.17,9.13,-,5.65,11,H,-1.831695089149026,-2.7657563580409406,0.4688965511727517
Glutamine,Gln,Q,Polar (uncharged),-3.5,146.15,2.17,9.13,-,5.65,12,H,-2.249951467370565,-2.0321339339821664,-0.9095345797522685
Glutamine,Gln,Q,Polar (uncharged),-3.5,146.15,2.17,9.13,-,5.65,13,H,-0.0008690274871535151,-1.3672527001166925,0.8384600532175249
Glutamine,Gln,Q,Polar (uncharged),-3.5,146.15,2.17,9.13,-,5.65,14,H,0.5481438051967215,-1.1624345873456072,-1.6421942382123582
Glutamine,Gln,Q,Polar (uncharged),-3.5,146.15,2.17,9.13,-,5.65,15,H,-0.8711605709662603,-0.1436540521626725,-1.8620609751962823
Glutamine,Gln,Q,Polar (uncharged),-3.5,146.15,2.17,9.13,-,5.65,16,H,0.13285757571724258,1.6108075682638425,-0.3973685134062805
Glutamine,Gln,Q,Polar (uncharged),-3.5,146.15,2.17,9.13,-,5.65,17,H,1.1102206512633808,1.2251632626425282,-1.8109619271730262
Glutamine,Gln,Q,Polar (uncharged),-3.5,146.15,2.17,9.13,-,5.65,18,H,2.2408950902823275,2.619693916061723,0.2743864836417295
Glutamine,Gln,Q,Polar (uncharged),-3.5,146.15,2.17,9.13,-,5.65,19,H,3.415780239498043,1.57356693592151,1.0087052490984614
Glutamine,Gln,Q,Polar (uncharged),-3.5,146.15,2.17,9.13,-,5.65,20,H,-1.9761038660299217,1.234326287875729,1.9681094528542313
Aspartic Acid,Asp,D,Acidic,-3.5,133.1,1.88,9.6,3.65,2.77,1,N,-1.6964151198958355,-1.3373479704559708,0.4109435173294056
Aspartic Acid,Asp,D,Acidic,-3.5,133.1,1.88,9.6,3.65,2.77,2,C,-0.43409446404166874,-0.5502825907097324,0.3786688452584541
Aspartic Acid,Asp,D,Acidic,-3.5,133.1,1.88,9.6,3.65,2.77,3,C,0.037054175187030386,-0.4113446472756241,-1.062684746508053
Aspartic Acid,Asp,D,Acidic,-3.5,133.1,1.88,9.6,3.65,2.77,4,C,1.413026125829456,0.1824281265206735,-1.131890243465171
Aspartic Acid,Asp,D,Acidic,-3.5,133.1,1.88,9.6,3.65,2.77,5,O,2.35953545862572,-0.6051492082787859,-0.590727846489621
Aspartic Acid,Asp,D,Acidic,-3.5,133.1,1.88,9.6,3.65,2.77,6,O,1.7052534126724939,1.2531618505061946,-1.6379739839980947
Aspartic Acid,Asp,D,Acidic,-3.5,133.1,1.88,9.6,3.65,2.77,7,C,-0.6859467345599966,0.8342724780183134,0.9851280303571015
Aspartic Acid,Asp,D,Acidic,-3.5,133.1,1.88,9.6,3.65,2.77,8,O,0.4436334702272398,1.4572525639086138,1.3688714258489736
Aspartic Acid,Asp,D,Acidic,-3.5,133.1,1.88,9.6,3.65,2.77,9,O,-1.774171978963315,1.3689158696313157,1.13539503111714
Aspartic Acid,Asp,D,Acidic,-3.5,133.1,1.88,9.6,3.65,2.77,10,H,-1.9964908612469596,-1.421198921718353,1.3845237432131163
Aspartic Acid,Asp,D,Acidic,-3.5,133.1,1.88,9.6,3.65,2.77,11,H,-2.432507090306466,-0.7745931836518012,-0.026079256174498522
Aspartic Acid,Asp,D,Acidic,-3.5,133.1,1.88,9.6,3.65,2.77,12,H,0.29714559310222965,-1.074053407200903,1.0040306355083708
Aspartic Acid,Asp,D,Acidic,-3.5,133.1,1.88,9.6,3.65,2.77,13,H,-0.6379838736411702,0.23340783161876072,-1.6394473408870518
Aspartic Acid,Asp,D,Acidic,-3.5,133.1,1.88,9.6,3.65,2.77,14,H,0.06828269017359209,-1.38139841391793,-1.5735445646643322
Aspartic Acid,Asp,D,Acidic,-3.5,133.1,1.88,9.6,3.65,2.77,15,H,3.191758717882876,-0.10095264177215979,-0.7132983379089599
Aspartic Acid,Asp,D,Acidic,-3.5,133.1,1.88,9.6,3.65,2.77,16,H,0.14192047895572207,2.326882264776975,1.7080850914630825
Glutamic Acid,Glu,E,Acidic,-3.5,147.13,2.19,9.67,4.25,3.22,1,N,1.3128286053361196,0.0643721489891446,2.1192068163652973
Glutamic Acid,Glu,E,Acidic,-3.5,147.13,2.19,9.67,4.25,3.22,2,C,0.9053266545983316,-0.382427016912509,0.767334444247143
Glutamic Acid,Glu,E,Acidic,-3.5,147.13,2.19,9.67,4.25,3.22,3,C,-0.44681948893950396,0.256713117255614,0.43568535442824835
Glutamic Acid,Glu,E,Acidic,-3.5,147.13,2.19,9.67,4.25,3.22,4,C,-1.1147678449117644,-0.373287162674304,-0.7851581075025806
Glutamic Acid,Glu,E,Acidic,-3.5,147.13,2.19,9.67,4.25,3.22,5,C,-2.5309480663636994,0.10601112371748837,-0.9170824750908249
Glutamic Acid,Glu,E,Acidic,-3.5,147.13,2.19,9.67,4.25,3.22,6,O,-2.6185484667804735,1.3667936351034036,-1.3765791377069971
Glutamic Acid,Glu,E,Acidic,-3.5,147.13,2.19,9.67,4.25,3.22,7,O,-3.5326208474393703,-0.5324005417609368,-0.6404890010830974
Glutamic Acid,Glu,E,Acidic,-3.5,147.13,2.19,9.67,4.25,3.22,8,C,2.002858666672452,-0.009431119568068465,-0.243872368166797
Glutamic Acid,Glu,E,Acidic,-3.5,147.13,2.19,9.67,4.25,3.22,9,O,3.2493686756644786,-0.22889448888329408,0.24166596891035028
Glutamic Acid,Glu,E,Acidic,-3.5,147.13,2.19,9.67,4.25,3.22,10,O,1.8583424085704212,0.3841728917059937,-1.3891565935988623
Glutamic Acid,Glu,E,Acidic,-3.5,147.13,2.19,9.67,4.25,3.22,11,H,0.7428571116641222,-0.40889507632630573,2.818122411094103
Glutamic Acid,Glu,E,Acidic,-3.5,147.13,2.19,9.67,4.25,3.22,12,H,2.2763519347226486,-0.24678614023540005,2.2706197046412075
Glutamic Acid,Glu,E,Acidic,-3.5,147.13,2.19,9.67,4.25,3.22,13,H,0.8245389619070324,-1.4756210253076438,0.7688227833945216
Glutamic Acid,Glu,E,Acidic,-3.5,147.13,2.19,9.67,4.25,3.22,14,H,-0.3293948687998697,1.336176422775725,0.2715476284634174
Glutamic Acid,Glu,E,Acidic,-3.5,147.13,2.19,9.67,4.25,3.22,15,H,-1.1246357135098686,0.14755846804352615,1.2936934923863463
Glutamic Acid,Glu,E,Acidic,-3.5,147.13,2.19,9.67,4.25,3.22,16,H,-0.5852415844014464,-0.14943685689939504,-1.7160845953146668
Glutamic Acid,Glu,E,Acidic,-3.5,147.13,2.19,9.67,4.25,3.22,17,H,-1.1422802110890555,-1.465141363333082,-0.6905396081178188
Glutamic Acid,Glu,E,Acidic,-3.5,147.13,2.19,9.67,4.25,3.22,18,H,-3.5809442002582568,1.547859883381099,-1.408933734973874
Glutamic Acid,Glu,E,Acidic,-3.5,147.13,2.19,9.67,4.25,3.22,19,H,3.8337282733579117,0.06266310092860904,-0.48919194607326216
Lysine,Lys,K,Basic,-3.9,146.19,2.18,8.95,10.53,9.74,1,N,-2.162249877515235,-1.7422466680432123,0.12116731251651848
Lysine,Lys,K,Basic,-3.9,146.19,2.18,8.95,10.53,9.74,2,C,-2.039454137132563,-0.29851012801020144,0.43018583870916977
Lysine,Lys,K,Basic,-3.9,146.19,2.18,8.95,10.53,9.74,3,C,-0.8162384503391136,0.30571468597471596,-0.2728185991711899
Lysine,Lys,K,Basic,-3.9,146.19,2.18,8.95,10.53,9.74,4,C,0.5072611668045822,-0.3227364947343558,0.17730159649446536
Lysine,Lys,K,Basic,-3.9,146.19,2.18,8.95,10.53,9.74,5,C,1.702547419131775,0.3666857312405804,-0.48582652842326723
Lysine,Lys,K,Basic,-3.9,146.19,2.18,8.95,10.53,9.74,6,C,3.0198991961641193,-0.27305797176213314,-0.05084739684807666
Lysine,Lys,K,Basic,-3.9,146.19,2.18,8.95,10.53,9.74,7,N,4.144266785512416,0.40066356951747273,-0.6903303254696274
Lysine,Lys,K,Basic,-3.9,146.19,2.18,8.95,10.53,9.74,8,C,-3.318411841518851,0.4341263976117835,0.0032945909330806935
Lysine,Lys,K,Basic,-3.9,146.19,2.18,8.95,10.53,9.74,9,O,-3.3331753686086367,1.7334472083091645,0.3599969878365904
Lysine,Lys,K,Basic,-3.9,146.19,2.18,8.95,10.53,9.74,10,O,-4.2764854079534205,-0.05745957403082183,-0.5749485890821383
Lysine,Lys,K,Basic,-3.9,146.19,2.18,8.95,10.53,9.74,11,H,-3.0344385157114093,-2.081341850884991,0.5336632297640627
Lysine,Lys,K,Basic,-3.9,146.19,2.18,8.95,10.53,9.74,12,H,-2.3113286471530627,-1.8410869804574808,-0.885737610793516
Lysine,Lys,K,Basic,-3.9,146.19,2.18,8.95,10.53,9.74,13,H,-1.9488530448732848,-0.1958206424587334,1.5175396435725717
Lysine,Lys,K,Basic,-3.9,146.19,2.18,8.95,10.53,9.74,14,H,-0.9217277274118545,0.20301019856459357,-1.3611846872623197
Lysine,Lys,K,Basic,-3.9,146.19,2.18,8.95,10.53,9.74,15,H,-0.7799759774357605,1.3844626818748813,-0.07360254628915512
Lysine,Lys,K,Basic,-3.9,146.19,2.18,8.95,10.53,9.74,16,H,0.5981662193593852,-0.24388249100154893,1.267459222375411
Lysine,Lys,K,Basic,-3.9,146.19,2.18,8.95,10.53,9.74,17,H,0.5222890030566236,-1.3896393529359323,-0.07404466633023328
Lysine,Lys,K,Basic,-3.9,146.19,2.18,8.95,10.53,9.74,18,H,1.7008489035394334,1.432033462771782,-0.22256586173165466
Lysine,Lys,K,Basic,-3.9,146.19,2.18,8.95,10.53,9.74,19,H,1.602144,0.30350871516126676,-1.5767930129778271
Lysine,Lys,K,Basic,-3.9,146.19,2.18,8.95,10.53,9.74,20,H,3.033871595975616,-1.332447502321988,-0.32845569595526364
Lysine,Lys,K,Basic,-3.9,146.19,2.18,8.95,10.53,9.74,21,H,3.1311511034555726,-0.21139079481351056,1.0372763750046539
Lysine,Lys,K,Basic,-3.9,146.19,2.18,8.95,10.53,9.74,22,H,5.015810521969123,-0.011552865004422774,-0.35978017994470474
Lysine,Lys,K,Basic,-3.9,146.19,2.18,8.95,10.53,9.74,23,H,4.165143405735569,0.3915237584176219,0.29855708790753827
Lysine,Lys,K,Basic,-3.9,146.19,2.18,8.95,10.53,9.74,24,H,-4.201060633856046,2.0585991622992994,0.0401779503705987
Arginine,Arg,R,Basic,-4.5,174.2,2.17,9.04,12.48,10.76,1,N,3.3014910470128647,0.07066273275435765,-1.4170155446772539
Arginine,Arg,R,Basic,-4.5,174.2,2.17,9.04,12.48,10.76,2,C,2.1854943889671567,0.3088247182879377,-0.4712579776728658
Arginine,Arg,R,Basic,-4.5,174.2,2.17,9.04,12.48,10.76,3,C,1.5584566543732645,-1.0466553017809528,-0.11598607846513383
Arginine,Arg,R,Basic,-4.5,174.2,2.17,9.04,12.48,10.76,4,C,0.19234945134133605,-0.95836268815237,0.578601023045329
Arginine,Arg,R,Basic,-4.5,174.2,2.17,9.04,12.48,10.76,5,C,-0.9181018825332755,-0.4571904939169675,-0.3456458506876218
Arginine,Arg,R,Basic,-4.5,174.2,2.17,9.04,12.48,10.76,6,N,-2.1851737523179198,-0.45428027757859113,0.37009007934676563
Arginine,Arg,R,Basic,-4.5,174.2,2.17,9.04,12.48,10.76,7,C,-3.2961728663537904,0.054996678801795734,-0.20997364975769747
Arginine,Arg,R,Basic,-4.5,174.2,2.17,9.04,12.48,10.76,8,N,-4.390093487183477,-0.17538468541686292,0.5417271892129734
Arginine,Arg,R,Basic,-4.5,174.2,2.17,9.04,12.48,10.76,9,N,-3.3217623305446105,0.6881666382255941,-1.3231313559395619
Arginine,Arg,R,Basic,-4.5,174.2,2.17,9.04,12.48,10.76,10,C,2.7255615529111292,1.0480704040037263,0.7656824909722961
Arginine,Arg,R,Basic,-4.5,174.2,2.17,9.04,12.48,10.76,11,O,3.553385607562425,2.068838048097269,0.43168826834249285
Arginine,Arg,R,Basic,-4.5,174.2,2.17,9.04,12.48,10.76,12,O,2.460417727234817,0.840205146192934,1.9379190424744521
Arginine,Arg,R,Basic,-4.5,174.2,2.17,9.04,12.48,10.76,13,H,3.7963448934011397,0.9590307203348569,-1.5368426000332167
Arginine,Arg,R,Basic,-4.5,174.2,2.17,9.04,12.48,10.76,14,H,2.9208086120755854,-0.16914639497941375,-2.3309441727975484
Arginine,Arg,R,Basic,-4.5,174.2,2.17,9.04,12.48,10.76,15,H,1.4603765291397006,0.9705936530634386,-0.9542815082542115
Arginine,Arg,R,Basic,-4.5,174.2,2.17,9.04,12.48,10.76,16,H,2.240682586755493,-1.6028700412211014,0.5407883760490518
Arginine,Arg,R,Basic,-4.5,174.2,2.17,9.04,12.48,10.76,17,H,1.4378500635136842,-1.6537428808247467,-1.0232394082235297
Arginine,Arg,R,Basic,-4.5,174.2,2.17,9.04,12.48,10.76,18,H,-0.0720815957679409,-1.9619682684487443,0.9369403885305104
Arginine,Arg,R,Basic,-4.5,174.2,2.17,9.04,12.48,10.76,19,H,0.24805615189244137,-0.32477056731441306,1.4704556961557982
Arginine,Arg,R,Basic,-4.5,174.2,2.17,9.04,12.48,10.76,20,H,-0.9939387521746059,-1.1061701714574306,-1.2258254865207578
Arginine,Arg,R,Basic,-4.5,174.2,2.17,9.04,12.48,10.76,21,H,-0.6923347901431919,0.5578099063341307,-0.6879547996277254
Arginine,Arg,R,Basic,-4.5,174.2,2.17,9.04,12.48,10.76,22,H,-2.3693586124340498,-1.3257293532504564,0.8534523131311552
Arginine,Arg,R,Basic,-4.5,174.2,2.17,9.04,12.48,10.76,23,H,-5.1919477634840625,0.3915237584176219,0.29855708790753827
Arginine,Arg,R,Basic,-4.5,174.2,2.17,9.04,12.48,10.76,24,H,-4.193533178856937,-0.10484336887414457,1.5338298193579976
Arginine,Arg,R,Basic,-4.5,174.2,2.17,9.04,12.48,10.76,25,H,-4.28180528426124,0.9491134598801356,-1.5486622935106753
Arginine,Arg,R,Basic,-4.5,174.2,2.17,9.04,12.48,10.76,26,H,3.8250290298741265,2.4332786288227117,1.2998721116227854
Histidine,His,H,Basic,-3.2,155.16,1.82,9.17,6.0,7.59,1,N,0.557573818045128,-1.8181767919440457,0.16440770437809485
Histidine,His,H,Basic,-3.2,155.16,1.82,9.17,6.0,7.59,2,C,1.0342064930815837,-0.49229259458544655,-0.3447062947695466
Histidine,His,H,Basic,-3.2,155.16,1.82,9.17,6.0,7.59,3,C,0.3328065447734783,0.6746996785898418,0.374744210334888
Histidine,His,H,Basic,-3.2,155.16,1.82,9.17,6.0,7.59,4,C,-1.1342530173543368,0.7500045957053783,0.10607571639643473
Histidine,His,H,Basic,-3.2,155.16,1.82,9.17,6.0,7.59,5,C,-1.9846967111402758,1.8093925247863052,-0.12331452667248781
Histidine,His,H,Basic,-3.2,155.16,1.82,9.17,6.0,7.59,6,N,-3.27079790489807,1.3725441061082273,-0.31320613531782987
Histidine,His,H,Basic,-3.2,155.16,1.82,9.17,6.0,7.59,7,C,-3.214533551823292,0.06526335983064398,-0.20031171393420402
Histidine,His,H,Basic,-3.2,155.16,1.82,9.17,6.0,7.59,8,N,-1.9452911372636745,-0.3583973691016218,0.059665582463232315
Histidine,His,H,Basic,-3.2,155.16,1.82,9.17,6.0,7.59,9,C,2.548436379491805,-0.3825593525805686,-0.14468671040116354
Histidine,His,H,Basic,-3.2,155.16,1.82,9.17,6.0,7.59,10,O,3.092130065166731,0.6911313175365749,-0.747488254549288
Histidine,His,H,Basic,-3.2,155.16,1.82,9.17,6.0,7.59,11,O,3.2508976614699967,-1.1720108030068233,0.4694549435597205
Histidine,His,H,Basic,-3.2,155.16,1.82,9.17,6.0,7.59,12,H,1.0852422456255488,-2.5403492319832957,-0.33569493031568076
Histidine,His,H,Basic,-3.2,155.16,1.82,9.17,6.0,7.59,13,H,0.8965120410288819,-1.9092825737703576,1.1284698914476683
Histidine,His,H,Basic,-3.2,155.16,1.82,9.17,6.0,7.59,14,H,0.8343221488844262,-0.46584363917673616,-1.422436416415597
Histidine,His,H,Basic,-3.2,155.16,1.82,9.17,6.0,7.59,15,H,0.7899567446626299,1.6245256417092384,0.06868235812255633
Histidine,His,H,Basic,-3.2,155.16,1.82,9.17,6.0,7.59,16,H,0.49246091293783334,0.5992618558359123,1.458670085337627
Histidine,His,H,Basic,-3.2,155.16,1.82,9.17,6.0,7.59,17,H,-1.7413924837831842,2.86350228404018,-0.1619907749640785
Histidine,His,H,Basic,-3.2,155.16,1.82,9.17,6.0,7.59,18,H,-4.047763917970157,-0.6173599192069567,-0.29720879766361175
Histidine,His,H,Basic,-3.2,155.16,1.82,9.17,6.0,7.59,19,H,-1.6278789876968267,-1.3161490295149096,0.16753429749098694
Histidine,His,H,Basic,-3.2,155.16,1.82,9.17,6.0,7.59,20,H,4.052062656761362,0.6220959407281648,-0.5575672319360389
