,start-token,1,cloud,screwdriver,pencil,banana,shoe,rainbow,2,tree,teacup,river,blanket,clock,grape,3,book,carpet,dog,umbrella,window,spoon,4,cat,apple,orange,chair,table,pen,5,bird,airplane,lake,shirt,jacket,car,truck,6,house,apartment,forest,marker,magazine,phone,computer,7,coffee,tea,bus,wolf,pear,boot,stream,8,sofa,novel,kitten,smartphone,oak,bread,roll,sun,star,9,automobile,canine,home,blue,navy,textbook,ballpoint,sparrow,creek,10,big,large,run,sprint,feline,red,crimson,elm,cellphone,volume,seat,puppy,solar,end-token
start-token,1.000000,0.936149,0.973924,0.749399,0.782720,0.882624,0.865173,0.944140,0.913332,0.610269,0.437905,0.563257,0.691250,0.726805,0.963117,0.820964,0.965969,0.943295,0.773322,0.693570,0.836160,0.735208,0.786149,0.895328,0.470125,0.846957,0.605939,0.950071,0.198149,0.774807,0.593516,0.913110,0.668711,0.713819,0.806564,0.746201,0.713734,0.918601,0.632681,0.853158,0.823344,0.708314,0.880097,0.561362,0.662032,0.904197,0.798288,0.683848,0.667072,0.792751,0.680092,0.865684,0.473681,0.779304,0.742033,0.801596,0.617347,0.392797,0.710354,0.471939,0.207248,0.675137,0.841829,0.736492,0.753923,0.439446,0.644017,0.420409,0.404043,0.424829,0.379280,0.279195,0.299020,0.757288,0.697521,0.688733,0.159521,0.492302,0.163059,0.588763,0.639145,0.120159,0.717358,0.658485,0.669285,0.627694,0.294528,0.526290
1,0.936149,1.000000,0.832709,0.934231,0.950707,0.990274,0.983160,0.998352,0.995202,0.845500,0.692267,0.814338,0.880779,0.749638,0.825586,0.961812,0.910110,0.970217,0.939084,0.888964,0.959143,0.913930,0.875515,0.978625,0.737720,0.710869,0.814363,0.870523,0.180478,0.643791,0.818178,0.964083,0.819070,0.873469,0.906668,0.601987,0.881318,0.936488,0.811248,0.823653,0.715863,0.865025,0.809964,0.770425,0.806665,0.887255,0.898376,0.843500,0.819133,0.895531,0.638738,0.919996,0.690702,0.778381,0.697536,0.737531,0.591379,0.458042,0.723535,0.679141,0.237363,0.785973,0.892139,0.714774,0.717155,0.455680,0.600316,0.598233,0.595478,0.599760,0.596688,0.434246,0.346051,0.799382,0.805499,0.763845,0.190865,0.416657,0.221371,0.706481,0.723867,0.166630,0.616983,0.551746,0.537422,0.512177,0.501672,0.474658
cloud,0.973924,0.832709,1.000000,0.581777,0.624680,0.756564,0.734759,0.847889,0.802456,0.423374,0.258492,0.369009,0.532612,0.683902,0.991551,0.680778,0.945028,0.869800,0.620753,0.529459,0.708456,0.578509,0.691056,0.788267,0.275333,0.892045,0.443673,0.946856,0.226444,0.824885,0.419463,0.827590,0.543337,0.575959,0.701102,0.807194,0.569690,0.855900,0.490418,0.830902,0.853818,0.573423,0.880663,0.403961,0.541599,0.867231,0.693935,0.549780,0.540632,0.687159,0.683664,0.785149,0.319628,0.746626,0.741534,0.807349,0.616907,0.352072,0.675521,0.325421,0.204092,0.577449,0.767289,0.721872,0.747250,0.427127,0.652487,0.300096,0.275463,0.306177,0.234056,0.186862,0.277832,0.698252,0.599442,0.614435,0.159069,0.534316,0.144729,0.495024,0.563260,0.112690,0.754504,0.705197,0.730370,0.682650,0.164242,0.550291
screwdriver,0.749399,0.934231,0.581777,1.000000,0.997997,0.971374,0.976409,0.924122,0.950079,0.976404,0.868212,0.965101,0.963903,0.689105,0.582087,0.982302,0.740388,0.875677,0.988014,0.975872,0.963337,0.980378,0.861980,0.939560,0.917827,0.490607,0.927191,0.683034,0.160073,0.439780,0.945394,0.895619,0.875249,0.929506,0.898456,0.390458,0.943590,0.839536,0.896129,0.697440,0.525373,0.919691,0.643461,0.891222,0.859243,0.763200,0.891607,0.904692,0.876967,0.891937,0.529286,0.863406,0.831741,0.689037,0.575884,0.589272,0.504812,0.483311,0.657187,0.812538,0.257718,0.808431,0.836408,0.613990,0.600469,0.431768,0.494181,0.715200,0.726126,0.713674,0.752299,0.552305,0.368611,0.750625,0.822016,0.754030,0.218737,0.304196,0.272290,0.748060,0.729858,0.212992,0.449448,0.387360,0.348792,0.344463,0.661164,0.378680
pencil,0.782720,0.950707,0.624680,0.997997,1.000000,0.983230,0.987777,0.943662,0.966624,0.968809,0.862870,0.954010,0.968716,0.727333,0.628645,0.991876,0.780612,0.904200,0.993786,0.978329,0.977704,0.985386,0.887581,0.959332,0.906519,0.544748,0.930567,0.727334,0.200417,0.495193,0.944067,0.921960,0.891503,0.941948,0.920960,0.447325,0.953861,0.872186,0.906711,0.740372,0.577796,0.933133,0.690446,0.895885,0.876920,0.802373,0.914499,0.918323,0.892881,0.914487,0.576493,0.892453,0.836018,0.729855,0.622935,0.637696,0.550354,0.515509,0.697015,0.819190,0.292284,0.832679,0.867335,0.658264,0.646426,0.471215,0.541818,0.728382,0.736541,0.727432,0.757127,0.568922,0.402341,0.785391,0.846390,0.784481,0.252253,0.354990,0.302246,0.772082,0.759248,0.243717,0.502816,0.441682,0.405323,0.399665,0.668000,0.427066
banana,0.882624,0.990274,0.756564,0.971374,0.983230,1.000000,0.998884,0.988164,0.996933,0.910519,0.784609,0.885380,0.936640,0.771695,0.758530,0.990004,0.875349,0.961062,0.977643,0.943707,0.984926,0.960996,0.906628,0.988062,0.824340,0.666588,0.884365,0.831414,0.225342,0.609954,0.889665,0.966280,0.875552,0.924849,0.936582,0.565840,0.933183,0.931540,0.875730,0.816257,0.685652,0.916989,0.785874,0.846416,0.863068,0.876135,0.929585,0.899237,0.876060,0.928011,0.645731,0.932282,0.777009,0.788227,0.697819,0.725190,0.608515,0.517975,0.744484,0.764452,0.296979,0.834718,0.907372,0.722813,0.718751,0.498452,0.609577,0.683141,0.684116,0.683782,0.691417,0.523834,0.406159,0.823371,0.851218,0.803233,0.253003,0.426052,0.291442,0.765144,0.770354,0.235032,0.600338,0.537891,0.513182,0.497543,0.600928,0.490058
shoe,0.865173,0.983160,0.734759,0.976409,0.987777,0.998884,1.000000,0.982010,0.994368,0.925230,0.812266,0.901453,0.952000,0.787345,0.741689,0.995536,0.868015,0.958877,0.986044,0.957687,0.991302,0.972677,0.920000,0.989850,0.847142,0.662512,0.905347,0.824248,0.256017,0.611057,0.909464,0.967789,0.895936,0.941328,0.948055,0.566966,0.948981,0.932833,0.897231,0.821428,0.686399,0.934143,0.786134,0.870624,0.884060,0.877872,0.941785,0.918136,0.896493,0.940608,0.659829,0.939143,0.805855,0.799786,0.708686,0.731251,0.626411,0.548949,0.760533,0.793890,0.330767,0.855324,0.916337,0.735531,0.729545,0.525403,0.625080,0.715578,0.717022,0.716069,0.724639,0.560899,0.438813,0.838038,0.870505,0.822669,0.287826,0.444489,0.327772,0.790290,0.792550,0.271505,0.607662,0.547268,0.519444,0.507309,0.637548,0.509413
rainbow,0.944140,0.998352,0.847889,0.924122,0.943662,0.988164,0.982010,1.000000,0.996337,0.837176,0.695372,0.804090,0.883401,0.783618,0.846997,0.961917,0.930457,0.982489,0.937776,0.888593,0.964022,0.914170,0.895454,0.985370,0.732147,0.747861,0.819808,0.895059,0.232008,0.685754,0.818717,0.976659,0.835518,0.883594,0.922375,0.645757,0.889026,0.954860,0.823419,0.854768,0.754098,0.876533,0.841959,0.779431,0.824879,0.912261,0.914950,0.856458,0.835307,0.912071,0.681104,0.938637,0.703045,0.811912,0.737160,0.775073,0.635066,0.499178,0.759482,0.694074,0.284909,0.810033,0.914013,0.752814,0.755532,0.500910,0.644348,0.621685,0.616787,0.623617,0.613218,0.465433,0.390881,0.829119,0.828662,0.792981,0.238651,0.467424,0.266517,0.733959,0.754162,0.213202,0.661102,0.598699,0.584681,0.560617,0.523119,0.523129
2,0.913332,0.995202,0.802456,0.950079,0.966624,0.996933,0.994368,0.996337,1.000000,0.879846,0.753581,0.850497,0.919808,0.796821,0.806686,0.981767,0.910226,0.978655,0.964012,0.924541,0.982063,0.945442,0.915504,0.993324,0.787568,0.720123,0.864504,0.871771,0.256445,0.663891,0.864668,0.979741,0.871192,0.916722,0.942063,0.622243,0.922638,0.953095,0.864264,0.850328,0.734906,0.909902,0.827196,0.827432,0.860350,0.906129,0.935351,0.891980,0.871272,0.933244,0.684207,0.947364,0.756922,0.817744,0.736500,0.766932,0.644165,0.534303,0.771801,0.747132,0.318808,0.840358,0.924249,0.757060,0.755814,0.525239,0.648624,0.673695,0.671221,0.675060,0.671712,0.519338,0.425559,0.843930,0.857248,0.817169,0.273952,0.470826,0.306940,0.769911,0.782511,0.252357,0.649549,0.588486,0.568048,0.549718,0.583794,0.530522
tree,0.610269,0.845500,0.423374,0.976404,0.968809,0.910519,0.925230,0.837176,0.879846,1.000000,0.949757,0.998157,0.979645,0.688796,0.441430,0.951199,0.638373,0.799730,0.972243,0.987326,0.932379,0.979571,0.855308,0.885378,0.981834,0.401544,0.969799,0.580740,0.246338,0.373918,0.986373,0.836379,0.906136,0.944727,0.884816,0.325688,0.957218,0.776310,0.935893,0.648039,0.456695,0.937332,0.572101,0.948037,0.892175,0.699549,0.881021,0.930271,0.908286,0.883331,0.521771,0.825936,0.911363,0.669037,0.552622,0.543757,0.516054,0.563074,0.658620,0.893426,0.357831,0.836176,0.807432,0.599300,0.576735,0.490334,0.493880,0.807477,0.822372,0.804869,0.853702,0.668735,0.459484,0.746392,0.843415,0.773756,0.326012,0.322374,0.386668,0.798091,0.763382,0.330055,0.411372,0.360035,0.308065,0.320000,0.779434,0.399445
teacup,0.437905,0.692267,0.258492,0.868212,0.862870,0.784609,0.812266,0.695372,0.753581,0.949757,1.000000,0.953725,0.951061,0.742466,0.312867,0.863350,0.540670,0.701388,0.897101,0.945279,0.858639,0.925465,0.854530,0.792486,0.986627,0.376794,0.980367,0.497207,0.471606,0.390883,0.980887,0.756114,0.936434,0.937746,0.862937,0.351447,0.941177,0.710421,0.963231,0.639595,0.455783,0.937287,0.544885,0.985813,0.930375,0.655323,0.865219,0.943687,0.938224,0.869590,0.598981,0.787746,0.986477,0.699875,0.602567,0.562901,0.618783,0.735335,0.721277,0.977988,0.582170,0.887277,0.788797,0.652282,0.621440,0.653219,0.585450,0.932929,0.945787,0.930310,0.968420,0.850574,0.660237,0.780903,0.884374,0.832767,0.561007,0.462886,0.619383,0.886227,0.842006,0.572831,0.464149,0.435694,0.371954,0.405178,0.930979,0.532497
river,0.563257,0.814338,0.369009,0.965101,0.954010,0.885380,0.901453,0.804090,0.850497,0.998157,0.953725,1.000000,0.968074,0.654034,0.386354,0.930860,0.590510,0.761827,0.956281,0.976871,0.908773,0.965879,0.827247,0.855554,0.987703,0.347548,0.962583,0.530474,0.224901,0.322057,0.982205,0.801685,0.888828,0.927917,0.857867,0.273393,0.941664,0.737175,0.923458,0.604408,0.405823,0.920162,0.523676,0.941809,0.874222,0.656414,0.854195,0.913986,0.891254,0.856965,0.481336,0.791991,0.908517,0.630243,0.510103,0.497670,0.479128,0.543544,0.623214,0.889192,0.341106,0.813408,0.773328,0.559345,0.534707,0.463751,0.454280,0.800745,0.817969,0.797617,0.853649,0.663814,0.441225,0.713085,0.819722,0.746167,0.311228,0.284441,0.374698,0.778540,0.738317,0.318425,0.363936,0.313717,0.259071,0.273794,0.780698,0.362784
blanket,0.691250,0.880779,0.532612,0.963903,0.968716,0.936640,0.952000,0.883401,0.919808,0.979645,0.951061,0.968074,1.000000,0.819993,0.567482,0.976636,0.751973,0.879437,0.988318,0.998562,0.974307,0.996615,0.941639,0.940277,0.958444,0.566026,0.991677,0.708266,0.405589,0.548345,0.991713,0.912613,0.969406,0.991145,0.958839,0.505367,0.995799,0.873244,0.981825,0.783587,0.620183,0.987763,0.716280,0.977749,0.960820,0.818770,0.957106,0.983257,0.970492,0.958720,0.682054,0.916691,0.945228,0.804395,0.708586,0.699087,0.675131,0.692810,0.795730,0.935747,0.500578,0.926132,0.906681,0.747794,0.728836,0.639860,0.657370,0.874949,0.881302,0.874058,0.894690,0.753797,0.597146,0.864768,0.932278,0.883077,0.466878,0.501140,0.517022,0.892624,0.872374,0.463690,0.585458,0.539975,0.492366,0.503649,0.831368,0.570568
clock,0.726805,0.749638,0.683902,0.689105,0.727333,0.771695,0.787345,0.783618,0.796821,0.688796,0.742466,0.654034,0.819993,1.000000,0.762781,0.806605,0.875181,0.879695,0.791820,0.791634,0.852477,0.804213,0.961259,0.858996,0.672900,0.884016,0.824023,0.882197,0.786097,0.904451,0.775950,0.898499,0.924037,0.888402,0.937224,0.887289,0.868956,0.927538,0.885363,0.974120,0.926688,0.897959,0.943179,0.839221,0.933501,0.950501,0.942540,0.903674,0.921884,0.942193,0.977842,0.948319,0.831610,0.995836,0.981999,0.968050,0.973260,0.917107,0.999067,0.849113,0.813497,0.967580,0.967130,0.992040,0.986086,0.929426,0.969990,0.878162,0.859195,0.882200,0.818688,0.842472,0.869951,0.996050,0.967682,0.989082,0.784116,0.899783,0.793337,0.960331,0.983074,0.762991,0.937732,0.922541,0.896090,0.906353,0.806030,0.930903
grape,0.963117,0.825586,0.991551,0.582087,0.628645,0.758530,0.741689,0.846997,0.806686,0.441430,0.312867,0.386354,0.567482,0.762781,1.000000,0.696562,0.968096,0.890258,0.639073,0.557885,0.732367,0.604213,0.747176,0.807452,0.309781,0.942663,0.491282,0.975864,0.350868,0.890560,0.458212,0.854481,0.605592,0.623241,0.748331,0.875180,0.612484,0.890461,0.548386,0.889090,0.914121,0.623710,0.931973,0.461592,0.607266,0.911582,0.743527,0.604829,0.602578,0.737332,0.771128,0.829083,0.389028,0.818375,0.820232,0.875511,0.712131,0.464156,0.757661,0.399379,0.328351,0.650627,0.819057,0.801469,0.824196,0.538417,0.744348,0.390478,0.363555,0.396897,0.315900,0.294649,0.397132,0.769854,0.669324,0.692739,0.285042,0.639258,0.269637,0.579926,0.647447,0.239477,0.833225,0.790845,0.811259,0.770769,0.257961,0.653881
3,0.820964,0.961812,0.680778,0.982302,0.991876,0.990004,0.995536,0.961917,0.981767,0.951199,0.863350,0.930860,0.976636,0.806605,0.696562,1.000000,0.842011,0.944779,0.996864,0.980095,0.996465,0.990061,0.936784,0.985059,0.889859,0.640942,0.941362,0.797949,0.306272,0.599488,0.944107,0.961242,0.928269,0.966659,0.961657,0.555344,0.973390,0.924762,0.932851,0.819305,0.674409,0.960613,0.773849,0.912782,0.917339,0.869603,0.956743,0.948020,0.928984,0.956410,0.674851,0.942547,0.857355,0.810551,0.717268,0.730153,0.649266,0.600128,0.780363,0.846114,0.387874,0.886672,0.923540,0.748132,0.738114,0.567447,0.642889,0.772653,0.775547,0.772738,0.784857,0.626926,0.493421,0.855864,0.899206,0.850655,0.347335,0.468136,0.390737,0.830758,0.826224,0.334837,0.608564,0.552219,0.518045,0.513012,0.704327,0.535036
book,0.965969,0.910110,0.945028,0.740388,0.780612,0.875349,0.868015,0.930457,0.910226,0.638373,0.540670,0.590510,0.751973,0.875181,0.968096,0.842011,1.000000,0.972292,0.799998,0.741389,0.873269,0.777093,0.888247,0.922310,0.532677,0.937599,0.693148,0.996193,0.444153,0.896412,0.663165,0.955298,0.784454,0.799085,0.890640,0.872796,0.790030,0.976080,0.740278,0.958699,0.933583,0.799654,0.971620,0.669141,0.784681,0.981452,0.887185,0.785000,0.782217,0.882875,0.846280,0.942499,0.606050,0.912814,0.889944,0.927746,0.799799,0.611614,0.865462,0.613445,0.452747,0.812662,0.934590,0.886239,0.898177,0.656153,0.819441,0.595395,0.574643,0.600439,0.537682,0.490737,0.533444,0.890725,0.828189,0.836371,0.409040,0.695792,0.410372,0.750775,0.799140,0.371776,0.865697,0.821401,0.822597,0.795942,0.477719,0.726620
carpet,0.943295,0.970217,0.869800,0.875677,0.904200,0.961062,0.958877,0.982489,0.978655,0.799730,0.701388,0.761827,0.879437,0.879695,0.890258,0.944779,0.972292,1.000000,0.917806,0.874652,0.962066,0.900750,0.944559,0.987070,0.708485,0.846609,0.828076,0.950754,0.399777,0.803244,0.811240,0.996637,0.877591,0.903474,0.956998,0.769710,0.900989,0.993297,0.852808,0.936493,0.858424,0.901130,0.924835,0.800857,0.872914,0.972444,0.952712,0.886649,0.876547,0.949932,0.804859,0.980346,0.738198,0.904466,0.849995,0.878822,0.765321,0.629174,0.862342,0.737719,0.440342,0.876474,0.967117,0.861084,0.864072,0.642133,0.774588,0.694535,0.683221,0.697632,0.664921,0.567357,0.535249,0.910654,0.891425,0.875176,0.396163,0.623395,0.415792,0.814337,0.841810,0.368066,0.788178,0.736670,0.722714,0.704148,0.593293,0.671146
dog,0.773322,0.939084,0.620753,0.988014,0.993786,0.977643,0.986044,0.937776,0.964012,0.972243,0.897101,0.956281,0.988318,0.791820,0.639073,0.996864,0.799998,0.917806,1.000000,0.992145,0.990392,0.997475,0.929488,0.969527,0.923000,0.591594,0.960513,0.752891,0.307251,0.554933,0.965746,0.940118,0.936350,0.973425,0.954718,0.509705,0.981146,0.898345,0.946759,0.789039,0.631764,0.967330,0.734912,0.934523,0.924961,0.838485,0.950307,0.956545,0.937394,0.950693,0.651275,0.925212,0.884652,0.789114,0.690160,0.696570,0.631299,0.607582,0.764768,0.872163,0.396866,0.888593,0.907052,0.725282,0.711778,0.564609,0.620576,0.796864,0.802514,0.796317,0.816685,0.653727,0.501667,0.842713,0.899539,0.846307,0.358391,0.446797,0.406284,0.837997,0.825842,0.350007,0.572570,0.517821,0.478448,0.478395,0.738432,0.516566
umbrella,0.693570,0.888964,0.529459,0.975872,0.978329,0.943707,0.957687,0.888593,0.924541,0.987326,0.945279,0.976871,0.998562,0.791634,0.557885,0.980095,0.741389,0.874652,0.992145,1.000000,0.973563,0.998227,0.926196,0.939186,0.961317,0.539740,0.986180,0.693942,0.356037,0.516311,0.990619,0.906646,0.954891,0.983133,0.947549,0.471606,0.990012,0.862350,0.970571,0.760538,0.591714,0.978390,0.693618,0.968273,0.944620,0.801978,0.944873,0.972141,0.956194,0.946405,0.646506,0.904139,0.931436,0.777549,0.676409,0.670017,0.637317,0.653276,0.765499,0.919589,0.453886,0.905039,0.890776,0.716579,0.697818,0.597872,0.619893,0.850539,0.858553,0.849354,0.875862,0.720972,0.553550,0.840442,0.912353,0.857916,0.419500,0.456395,0.471636,0.867171,0.845373,0.416802,0.549977,0.501298,0.454116,0.463436,0.807127,0.527812
window,0.836160,0.959143,0.708456,0.963337,0.977704,0.984926,0.991302,0.964022,0.982063,0.932379,0.858639,0.908773,0.974307,0.852477,0.732367,0.996465,0.873269,0.962066,0.990392,0.973563,1.000000,0.985070,0.961544,0.992725,0.873161,0.697178,0.941883,0.835657,0.375936,0.661992,0.937450,0.977947,0.945792,0.975509,0.980415,0.620698,0.978718,0.950462,0.943525,0.863643,0.731150,0.971405,0.820974,0.917923,0.937419,0.905436,0.976641,0.960576,0.946075,0.976146,0.734247,0.967093,0.866447,0.856850,0.773268,0.784261,0.709698,0.653188,0.829189,0.859025,0.450422,0.915855,0.952493,0.801138,0.792183,0.627936,0.704518,0.797919,0.797405,0.798662,0.799304,0.663060,0.551898,0.895416,0.927354,0.887994,0.410054,0.539632,0.448915,0.864045,0.864632,0.395277,0.672639,0.620186,0.587406,0.583228,0.725533,0.602626
spoon,0.735208,0.913930,0.578509,0.980378,0.985386,0.960996,0.972677,0.914170,0.945442,0.979571,0.925465,0.965879,0.996615,0.804213,0.604213,0.990061,0.777093,0.900750,0.997475,0.998227,0.985070,1.000000,0.936029,0.957599,0.943417,0.577162,0.977828,0.731048,0.350208,0.549026,0.981082,0.928335,0.953357,0.983807,0.957904,0.504560,0.990324,0.886993,0.965213,0.785508,0.624066,0.978858,0.724772,0.957206,0.943102,0.828859,0.954680,0.970917,0.954453,0.955663,0.663631,0.921907,0.915205,0.795329,0.696961,0.695935,0.649753,0.646195,0.778220,0.903859,0.443096,0.906825,0.907286,0.734324,0.718114,0.597855,0.635568,0.834440,0.840669,0.833683,0.855004,0.700672,0.544522,0.852749,0.915583,0.863513,0.406785,0.469032,0.456181,0.863963,0.847574,0.401008,0.575881,0.525143,0.481649,0.486939,0.783205,0.539084
4,0.786149,0.875515,0.691056,0.861980,0.887581,0.906628,0.920000,0.895454,0.915504,0.855308,0.854530,0.827247,0.941639,0.961259,0.747176,0.936784,0.888247,0.944559,0.929488,0.926196,0.961544,0.936029,1.000000,0.955734,0.824014,0.799585,0.931872,0.871191,0.614392,0.795666,0.905204,0.966215,0.981149,0.976185,0.996802,0.764887,0.967917,0.964810,0.962635,0.943717,0.843764,0.979231,0.900289,0.929493,0.981742,0.951612,0.998058,0.977914,0.980328,0.998050,0.884281,0.989841,0.902674,0.957255,0.904146,0.898323,0.872745,0.829073,0.948495,0.907611,0.671609,0.985804,0.993102,0.926193,0.916375,0.816801,0.865769,0.891270,0.882432,0.893445,0.864461,0.805383,0.752908,0.981818,0.990725,0.979563,0.636590,0.745128,0.663893,0.958870,0.966877,0.620187,0.824097,0.790337,0.756401,0.762791,0.821691,0.795469
cat,0.895328,0.978625,0.788267,0.939560,0.959332,0.988062,0.989850,0.985370,0.993324,0.885378,0.792486,0.855554,0.940277,0.858996,0.807452,0.985059,0.922310,0.987070,0.969527,0.939186,0.992725,0.957599,0.955734,1.000000,0.808312,0.759221,0.896686,0.889707,0.364730,0.716886,0.888836,0.993667,0.916809,0.948505,0.974041,0.677808,0.950307,0.974374,0.905906,0.894010,0.782237,0.944448,0.865323,0.868883,0.909156,0.936859,0.969495,0.930911,0.916601,0.967904,0.755643,0.976736,0.809462,0.873569,0.799656,0.820583,0.722766,0.628221,0.837200,0.803901,0.425945,0.896314,0.960846,0.820627,0.817160,0.618941,0.724337,0.746028,0.741429,0.747704,0.736147,0.608842,0.527105,0.899015,0.910133,0.878204,0.383042,0.560170,0.414538,0.836925,0.849037,0.362256,0.714034,0.659779,0.635515,0.623658,0.659731,0.617882
apple,0.470125,0.737720,0.275333,0.917827,0.906519,0.824340,0.847142,0.732147,0.787568,0.981834,0.986627,0.987703,0.958444,0.672900,0.309781,0.889859,0.532677,0.708485,0.923000,0.961317,0.873161,0.943417,0.824014,0.808312,1.000000,0.320207,0.972943,0.478046,0.326121,0.314999,0.986160,0.758325,0.904489,0.926406,0.845267,0.269958,0.936402,0.698585,0.939661,0.590417,0.391314,0.921751,0.498500,0.965227,0.893288,0.626065,0.844486,0.922203,0.906859,0.848413,0.508013,0.768740,0.950507,0.636722,0.523386,0.495043,0.519074,0.622892,0.645867,0.935027,0.444439,0.836447,0.759135,0.575342,0.545874,0.535601,0.487825,0.864379,0.881573,0.861042,0.914909,0.753665,0.533674,0.723851,0.837693,0.770759,0.420029,0.340360,0.483895,0.819939,0.773000,0.432047,0.375695,0.336289,0.274709,0.300588,0.859260,0.416239
orange,0.846957,0.710869,0.892045,0.490607,0.544748,0.666588,0.662512,0.747861,0.720123,0.401544,0.376794,0.347548,0.566026,0.884016,0.942663,0.640942,0.937599,0.846609,0.591594,0.539740,0.697178,0.577162,0.799585,0.759221,0.320207,1.000000,0.527327,0.964051,0.639398,0.991307,0.471930,0.826954,0.677828,0.653331,0.775766,0.985790,0.630700,0.884820,0.610523,0.952933,0.994448,0.662033,0.980700,0.526495,0.689151,0.935146,0.777567,0.656897,0.674032,0.773045,0.924888,0.847655,0.490452,0.919585,0.946813,0.972567,0.889355,0.694641,0.889539,0.513230,0.610444,0.753346,0.859611,0.928338,0.944493,0.767732,0.912647,0.552827,0.520387,0.559964,0.456970,0.515849,0.656360,0.868188,0.762095,0.810597,0.575820,0.857786,0.554547,0.719048,0.783509,0.534420,0.968271,0.949278,0.959666,0.939191,0.437496,0.863213
chair,0.605939,0.814363,0.443673,0.927191,0.930567,0.884365,0.905347,0.819808,0.864504,0.969799,0.980367,0.962583,0.991677,0.824023,0.491282,0.941362,0.693148,0.828076,0.960513,0.986180,0.941883,0.977828,0.931872,0.896686,0.972943,0.527327,1.000000,0.652488,0.475275,0.525663,0.996331,0.870064,0.977933,0.986982,0.942477,0.485119,0.989287,0.832527,0.992597,0.759467,0.592480,0.985793,0.681747,0.996233,0.971648,0.782615,0.942963,0.986595,0.979082,0.945624,0.689439,0.889588,0.978853,0.797552,0.705192,0.682356,0.693788,0.747634,0.802299,0.971727,0.573898,0.938068,0.886314,0.747517,0.724094,0.686264,0.670160,0.923230,0.930439,0.921986,0.943706,0.822118,0.662006,0.863372,0.940073,0.894269,0.544927,0.530908,0.596567,0.919477,0.892068,0.546525,0.578708,0.541642,0.487668,0.508424,0.893708,0.599170
table,0.950071,0.870523,0.946856,0.683034,0.727334,0.831414,0.824248,0.895059,0.871771,0.580740,0.497207,0.530474,0.708266,0.882197,0.975864,0.797949,0.996193,0.950754,0.752891,0.693942,0.835657,0.731048,0.871191,0.889707,0.478046,0.964051,0.652488,1.000000,0.490274,0.929353,0.616047,0.931941,0.759935,0.765786,0.867439,0.910096,0.753364,0.962425,0.709134,0.965598,0.958338,0.768253,0.983715,0.633286,0.762828,0.979170,0.865095,0.755413,0.757266,0.860583,0.871159,0.926130,0.575219,0.920760,0.910583,0.946966,0.825995,0.630808,0.876152,0.586446,0.488586,0.800406,0.922642,0.902598,0.916234,0.684118,0.847393,0.582091,0.558033,0.587758,0.513883,0.492374,0.561552,0.890175,0.814712,0.833196,0.446475,0.739219,0.441674,0.743718,0.797442,0.407348,0.898647,0.859800,0.864164,0.837891,0.462720,0.763656
pen,0.198149,0.180478,0.226444,0.160073,0.200417,0.225342,0.256017,0.232008,0.256445,0.246338,0.471606,0.224901,0.405589,0.786097,0.350868,0.306272,0.444153,0.399777,0.307251,0.356037,0.375936,0.350208,0.614392,0.364730,0.326121,0.639398,0.475275,0.490274,1.000000,0.733237,0.401148,0.435126,0.616015,0.512399,0.550005,0.746118,0.476574,0.502160,0.567613,0.674534,0.700133,0.534380,0.638661,0.539267,0.641400,0.580374,0.565719,0.563324,0.612861,0.568052,0.853166,0.551002,0.603409,0.751315,0.803868,0.744207,0.891879,0.939580,0.808619,0.639707,0.990452,0.709404,0.604951,0.804107,0.792015,0.956942,0.877445,0.757125,0.732357,0.761514,0.672585,0.856666,0.973451,0.734704,0.691010,0.759898,0.990491,0.943470,0.977307,0.773800,0.789167,0.982803,0.810018,0.848314,0.820741,0.860834,0.742399,0.936856
5,0.774807,0.643791,0.824885,0.439780,0.495193,0.609954,0.611057,0.685754,0.663891,0.373918,0.390883,0.322057,0.548345,0.904451,0.890560,0.599488,0.896412,0.803244,0.554933,0.516311,0.661992,0.549026,0.795666,0.716886,0.314999,0.991307,0.525663,0.929353,0.733237,1.000000,0.463222,0.790605,0.685632,0.645308,0.762770,0.998510,0.618717,0.855228,0.616496,0.948502,0.995050,0.656978,0.969361,0.536228,0.700392,0.915424,0.767117,0.657423,0.681648,0.763400,0.956728,0.828837,0.515710,0.930975,0.967258,0.980537,0.931576,0.764084,0.913975,0.542657,0.702752,0.770732,0.849074,0.949520,0.962551,0.834341,0.950590,0.600071,0.566492,0.607263,0.498887,0.587376,0.738274,0.880133,0.775283,0.832094,0.672625,0.917148,0.649761,0.751855,0.813039,0.634183,0.991260,0.982056,0.988117,0.976198,0.495150,0.918838
bird,0.593516,0.818178,0.419463,0.945394,0.944067,0.889665,0.909464,0.818717,0.864668,0.986373,0.980887,0.982205,0.991713,0.775950,0.458212,0.944107,0.663165,0.811240,0.965746,0.990619,0.937450,0.981082,0.905204,0.888836,0.986160,0.471930,0.996331,0.616047,0.401148,0.463222,1.000000,0.853244,0.957404,0.975701,0.922084,0.419829,0.981623,0.806771,0.978727,0.714529,0.535843,0.972473,0.634778,0.987463,0.948477,0.746684,0.921323,0.971248,0.958978,0.924084,0.628111,0.864130,0.965431,0.749681,0.647748,0.627534,0.630845,0.690034,0.751218,0.954406,0.506394,0.905878,0.856140,0.692776,0.668587,0.621872,0.606390,0.893127,0.903663,0.891250,0.924270,0.780462,0.598742,0.821754,0.909120,0.854126,0.477093,0.456839,0.533031,0.882499,0.850435,0.480709,0.513749,0.472485,0.417595,0.436962,0.867008,0.528859
airplane,0.913110,0.964083,0.827590,0.895619,0.921960,0.966280,0.967789,0.976659,0.979741,0.836379,0.756114,0.801685,0.912613,0.898499,0.854481,0.961242,0.955298,0.996637,0.940118,0.906646,0.977947,0.928335,0.966215,0.993667,0.758325,0.826954,0.870064,0.931941,0.435126,0.790605,0.853244,1.000000,0.913554,0.935328,0.977206,0.756035,0.932704,0.993477,0.892728,0.937476,0.847256,0.933569,0.916161,0.846993,0.909141,0.970163,0.973834,0.921562,0.912725,0.971795,0.816289,0.990704,0.790991,0.916011,0.856995,0.878033,0.782950,0.671528,0.880842,0.790380,0.483659,0.909224,0.979776,0.872363,0.871622,0.675117,0.787648,0.748459,0.738964,0.751105,0.723408,0.625405,0.578365,0.929846,0.922238,0.903318,0.441010,0.637734,0.464836,0.853526,0.874332,0.416385,0.786024,0.736660,0.716656,0.703944,0.655312,0.688605
lake,0.668711,0.819070,0.543337,0.875249,0.891503,0.875552,0.895936,0.835518,0.871192,0.906136,0.936434,0.888828,0.969406,0.924037,0.605592,0.928269,0.784454,0.877591,0.936350,0.954891,0.945792,0.953357,0.981149,0.916809,0.904489,0.677828,0.977933,0.759935,0.616015,0.685632,0.957404,0.913554,1.000000,0.991847,0.978850,0.652216,0.986020,0.899160,0.995795,0.868601,0.738382,0.994762,0.803967,0.981882,0.999460,0.874429,0.981331,0.997869,0.999984,0.983084,0.825554,0.946414,0.968681,0.903743,0.836762,0.815091,0.827765,0.846414,0.909288,0.970547,0.692827,0.989526,0.951733,0.869227,0.850877,0.808921,0.810146,0.949681,0.947609,0.950303,0.941583,0.870178,0.772239,0.948599,0.990556,0.967913,0.662893,0.691968,0.701186,0.975625,0.964948,0.656587,0.734995,0.705165,0.658522,0.677099,0.904406,0.749301
shirt,0.713819,0.873469,0.575959,0.929506,0.941948,0.924849,0.941328,0.883594,0.916722,0.944727,0.937746,0.927917,0.991145,0.888402,0.623241,0.966659,0.799085,0.903474,0.973425,0.983133,0.975509,0.983807,0.976185,0.948505,0.926406,0.653331,0.986982,0.765786,0.512399,0.645308,0.975701,0.935328,0.991847,1.000000,0.983918,0.607031,0.999090,0.910420,0.993258,0.850453,0.707728,0.999667,0.788196,0.980218,0.987313,0.872231,0.983950,0.997857,0.992237,0.985272,0.772613,0.951462,0.953773,0.873835,0.793874,0.781750,0.767093,0.772061,0.868900,0.950354,0.595478,0.967251,0.948342,0.828035,0.810979,0.731411,0.751476,0.909213,0.910091,0.909380,0.911635,0.805484,0.685269,0.923027,0.971820,0.937408,0.562112,0.611342,0.604734,0.940073,0.928249,0.555200,0.684322,0.645059,0.600080,0.612425,0.859062,0.674220
jacket,0.806564,0.906668,0.701102,0.898456,0.920960,0.936582,0.948055,0.922375,0.942063,0.884816,0.862937,0.857867,0.958839,0.937224,0.748331,0.961657,0.890640,0.956998,0.954718,0.947549,0.980415,0.957904,0.996802,0.974041,0.845267,0.775766,0.942477,0.867439,0.550005,0.762770,0.922084,0.977206,0.978850,0.983918,1.000000,0.728675,0.978931,0.968154,0.964968,0.927740,0.817399,0.984909,0.884099,0.933827,0.976835,0.945549,0.999808,0.980833,0.978346,0.999665,0.847545,0.991032,0.899675,0.935560,0.873107,0.872064,0.832186,0.784675,0.921289,0.901046,0.612783,0.973422,0.989134,0.897066,0.887386,0.768429,0.825634,0.871538,0.865075,0.873308,0.852785,0.770742,0.700597,0.964474,0.980281,0.960783,0.575946,0.691163,0.606874,0.939088,0.944929,0.559923,0.786341,0.746888,0.712965,0.716382,0.800678,0.745617
car,0.746201,0.601987,0.807194,0.390458,0.447325,0.565840,0.566966,0.645757,0.622243,0.325688,0.351447,0.273393,0.505367,0.887289,0.875180,0.555344,0.872796,0.769710,0.509705,0.471606,0.620698,0.504560,0.764887,0.677808,0.269958,0.985790,0.485119,0.910096,0.746118,0.998510,0.419829,0.756035,0.652216,0.607031,0.728675,1.000000,0.578816,0.825685,0.580212,0.930521,0.988158,0.619686,0.954538,0.498586,0.668410,0.892124,0.733649,0.621296,0.648034,0.729872,0.950440,0.797925,0.481813,0.913931,0.957950,0.970094,0.926664,0.758033,0.899058,0.510694,0.709318,0.743577,0.820608,0.937687,0.951612,0.832666,0.946482,0.575911,0.540881,0.583357,0.470014,0.573476,0.738808,0.858465,0.747234,0.809652,0.680954,0.924202,0.654445,0.728528,0.791968,0.642116,0.989803,0.984439,0.992586,0.981107,0.472211,0.921508
truck,0.713734,0.881318,0.569690,0.943590,0.953861,0.933183,0.948981,0.889026,0.922638,0.957218,0.941177,0.941664,0.995799,0.868956,0.612484,0.973390,0.790030,0.900989,0.981146,0.990012,0.978718,0.990324,0.967917,0.950307,0.936402,0.630700,0.989287,0.753364,0.476574,0.618717,0.981623,0.932704,0.986020,0.999090,0.978931,0.578816,1.000000,0.903309,0.990582,0.833270,0.684379,0.997699,0.770096,0.979698,0.980115,0.859887,0.978288,0.994730,0.986615,0.979631,0.746144,0.944234,0.950396,0.854776,0.769725,0.759248,0.739452,0.745848,0.847833,0.945002,0.563101,0.955571,0.938602,0.805242,0.787886,0.702011,0.723557,0.897104,0.899566,0.896977,0.904667,0.786684,0.655611,0.907029,0.960892,0.921777,0.529275,0.577279,0.574112,0.925474,0.911582,0.523152,0.656168,0.614430,0.569018,0.580438,0.847919,0.642287
6,0.918601,0.936488,0.855900,0.839536,0.872186,0.931540,0.932833,0.954860,0.953095,0.776310,0.710421,0.737175,0.873244,0.927538,0.890461,0.924762,0.976080,0.993297,0.898345,0.862350,0.950462,0.886993,0.964810,0.974374,0.698585,0.884820,0.832527,0.962425,0.502160,0.855228,0.806771,0.993477,0.899160,0.910420,0.968154,0.825685,0.903309,1.000000,0.868570,0.969622,0.902291,0.911046,0.955880,0.814689,0.898120,0.991428,0.966047,0.900816,0.897713,0.963595,0.867809,0.992267,0.763071,0.947647,0.904501,0.925190,0.834584,0.707985,0.914330,0.767518,0.537305,0.911312,0.986603,0.914052,0.916013,0.724440,0.842303,0.742461,0.728135,0.746052,0.702360,0.635541,0.624178,0.949632,0.923287,0.917831,0.495508,0.708930,0.511293,0.860265,0.889513,0.467369,0.849193,0.805520,0.789980,0.776704,0.643733,0.752228
house,0.632681,0.811248,0.490418,0.896129,0.906711,0.875730,0.897231,0.823419,0.864264,0.935893,0.963231,0.923458,0.981825,0.885363,0.548386,0.932851,0.740278,0.852808,0.946759,0.970571,0.943525,0.965213,0.962635,0.905906,0.939661,0.610523,0.992597,0.709134,0.567613,0.616496,0.978727,0.892728,0.995795,0.993258,0.964968,0.580212,0.990582,0.868570,1.000000,0.821890,0.674822,0.994722,0.749924,0.994645,0.993098,0.833533,0.966907,0.997582,0.996288,0.969202,0.771406,0.922117,0.981681,0.860827,0.783128,0.759025,0.776101,0.814961,0.867903,0.980011,0.654626,0.973103,0.924690,0.820398,0.799174,0.765879,0.755015,0.948868,0.950899,0.948642,0.953133,0.862507,0.736939,0.915639,0.973985,0.941753,0.625636,0.629627,0.670036,0.959186,0.940278,0.623365,0.669845,0.637940,0.587073,0.607971,0.912125,0.691737
apartment,0.853158,0.823653,0.830902,0.697440,0.740372,0.816257,0.821428,0.854768,0.850328,0.648039,0.639595,0.604408,0.783587,0.974120,0.889090,0.819305,0.958699,0.936493,0.789039,0.760538,0.863643,0.785508,0.943717,0.894010,0.590417,0.952933,0.759467,0.965598,0.674534,0.948502,0.714529,0.937476,0.868601,0.850453,0.927740,0.930521,0.833270,0.969622,0.821890,1.000000,0.973334,0.857187,0.992562,0.759344,0.875612,0.992095,0.929708,0.854441,0.866067,0.927316,0.959509,0.963141,0.728049,0.990526,0.980069,0.989680,0.935489,0.809700,0.971289,0.743666,0.687115,0.913918,0.972495,0.981056,0.984616,0.843497,0.944264,0.759705,0.737199,0.764745,0.692591,0.699369,0.751946,0.974579,0.920658,0.942937,0.650998,0.856195,0.652770,0.883515,0.922685,0.620293,0.952004,0.925860,0.913948,0.907009,0.662450,0.884002
forest,0.823344,0.715863,0.853818,0.525373,0.577796,0.685652,0.686399,0.754098,0.734906,0.456695,0.455783,0.405823,0.620183,0.926688,0.914121,0.674409,0.933583,0.858424,0.631764,0.591714,0.731150,0.624066,0.843764,0.782237,0.391314,0.994448,0.592480,0.958338,0.700133,0.995050,0.535843,0.847256,0.738382,0.707728,0.817399,0.988158,0.684379,0.902291,0.674822,0.973334,1.000000,0.717427,0.988972,0.597253,0.750345,0.950634,0.820476,0.715515,0.734783,0.816841,0.959036,0.877821,0.569449,0.953359,0.975414,0.991314,0.931053,0.765093,0.932009,0.592601,0.680916,0.811443,0.893176,0.962143,0.973714,0.827425,0.948791,0.635000,0.604245,0.641696,0.543029,0.603129,0.727286,0.910872,0.817765,0.863944,0.647673,0.894923,0.631393,0.785132,0.842164,0.610011,0.985464,0.969073,0.971724,0.958618,0.528074,0.904436
marker,0.708314,0.865025,0.573423,0.919691,0.933133,0.916989,0.934143,0.876533,0.909902,0.937332,0.937287,0.920162,0.987763,0.897959,0.623710,0.960613,0.799654,0.901130,0.967330,0.978390,0.971405,0.978858,0.979231,0.944448,0.921751,0.662033,0.985793,0.768253,0.534380,0.656978,0.972473,0.933569,0.994762,0.999667,0.984909,0.619686,0.997699,0.911046,0.994722,0.857187,0.717427,1.000000,0.794796,0.981070,0.991061,0.875789,0.985415,0.999097,0.995053,0.986789,0.785972,0.952949,0.956994,0.882547,0.805401,0.791646,0.781727,0.788162,0.879438,0.954714,0.615898,0.973334,0.951503,0.839049,0.821883,0.748629,0.765903,0.917742,0.917875,0.918036,0.917619,0.818651,0.703759,0.930501,0.977271,0.945451,0.583069,0.629967,0.624642,0.948542,0.937334,0.576052,0.697722,0.660235,0.615114,0.628491,0.867983,0.691667
magazine,0.880097,0.809964,0.880663,0.643461,0.690446,0.785874,0.786134,0.841959,0.827196,0.572101,0.544885,0.523676,0.716280,0.943179,0.931973,0.773849,0.971620,0.924835,0.734912,0.693618,0.820974,0.724772,0.900289,0.865323,0.498500,0.980700,0.681747,0.983715,0.638661,0.969361,0.634778,0.916161,0.803967,0.788196,0.884099,0.954538,0.770096,0.955880,0.749924,0.992562,0.988972,0.794796,1.000000,0.677878,0.811556,0.985668,0.885243,0.789448,0.801009,0.881808,0.945171,0.934870,0.639843,0.969471,0.969885,0.989275,0.913580,0.753302,0.942144,0.656924,0.636684,0.857735,0.942716,0.963565,0.972699,0.802564,0.929026,0.676229,0.650264,0.682059,0.599712,0.616471,0.698345,0.940306,0.866547,0.896024,0.599434,0.845767,0.593312,0.820940,0.870654,0.563671,0.958850,0.932098,0.929535,0.914989,0.568392,0.866797
phone,0.561362,0.770425,0.403961,0.891222,0.895885,0.846416,0.870624,0.779431,0.827432,0.948037,0.985813,0.941809,0.977749,0.839221,0.461592,0.912782,0.669141,0.800857,0.934523,0.968273,0.917923,0.957206,0.929493,0.868883,0.965227,0.526495,0.996233,0.633286,0.539267,0.536228,0.987463,0.846993,0.981882,0.980218,0.933827,0.498586,0.979698,0.814689,0.994645,0.759344,0.597253,0.981070,0.677878,1.000000,0.978009,0.772087,0.936005,0.985501,0.982866,0.939137,0.713492,0.878113,0.992666,0.807291,0.721810,0.691140,0.724343,0.794043,0.820341,0.988540,0.635909,0.949284,0.880427,0.764151,0.738980,0.731889,0.698270,0.952487,0.958610,0.951351,0.968466,0.867796,0.716925,0.872549,0.948584,0.909015,0.609812,0.573672,0.659841,0.940696,0.911889,0.612987,0.598112,0.567603,0.511258,0.537326,0.929035,0.639022
computer,0.662032,0.806665,0.541599,0.859243,0.876920,0.863068,0.884060,0.824879,0.860350,0.892175,0.930375,0.874222,0.960820,0.933501,0.607266,0.917339,0.784681,0.872914,0.924961,0.944620,0.937419,0.943102,0.981742,0.909156,0.893288,0.689151,0.971648,0.762828,0.641400,0.700392,0.948477,0.909141,0.999460,0.987313,0.976835,0.668410,0.980115,0.898120,0.993098,0.875612,0.750345,0.991061,0.811556,0.978009,1.000000,0.877457,0.979876,0.995195,0.999300,0.981647,0.840700,0.945754,0.967524,0.912604,0.849759,0.826488,0.844185,0.863133,0.920093,0.970893,0.715486,0.993384,0.953117,0.881207,0.862990,0.827792,0.826625,0.955477,0.952310,0.956294,0.943751,0.881977,0.792207,0.955246,0.993705,0.974692,0.686220,0.714132,0.722785,0.982238,0.972822,0.679567,0.751256,0.723687,0.677343,0.696863,0.910289,0.769597
7,0.904197,0.887255,0.867231,0.763200,0.802373,0.876135,0.877872,0.912261,0.906129,0.699549,0.655323,0.656414,0.818770,0.950501,0.911582,0.869603,0.981452,0.972444,0.838485,0.801978,0.905436,0.828859,0.951612,0.936859,0.626065,0.935146,0.782615,0.979170,0.580374,0.915424,0.746684,0.970163,0.874429,0.872231,0.945549,0.892124,0.859887,0.991428,0.833533,0.992095,0.950634,0.875789,0.985668,0.772087,0.877457,1.000000,0.945155,0.868318,0.872314,0.942399,0.916968,0.979930,0.727814,0.971939,0.947432,0.965845,0.885634,0.747940,0.942726,0.738162,0.600623,0.905302,0.981053,0.950764,0.955169,0.777552,0.895916,0.733763,0.714297,0.738327,0.677359,0.648532,0.676749,0.961333,0.915470,0.925549,0.560821,0.784592,0.567632,0.861864,0.899344,0.529654,0.909815,0.874025,0.862850,0.850266,0.631612,0.818810
coffee,0.798288,0.898376,0.693935,0.891607,0.914499,0.929585,0.941785,0.914950,0.935351,0.881021,0.865219,0.854195,0.957106,0.942540,0.743527,0.956743,0.887185,0.952712,0.950307,0.944873,0.976641,0.954680,0.998058,0.969495,0.844486,0.777567,0.942963,0.865095,0.565719,0.767117,0.921323,0.973834,0.981331,0.983950,0.999808,0.733649,0.978288,0.966047,0.966907,0.929708,0.820476,0.985415,0.885243,0.936005,0.979876,0.945155,1.000000,0.982146,0.980783,0.999956,0.854872,0.990312,0.904041,0.939701,0.878807,0.876039,0.840913,0.796642,0.927246,0.906124,0.628039,0.977656,0.989690,0.902754,0.892700,0.780326,0.833843,0.879465,0.872703,0.881271,0.859539,0.782256,0.714375,0.968423,0.983922,0.965894,0.591776,0.702515,0.622323,0.945502,0.951132,0.576034,0.792656,0.754629,0.720169,0.724752,0.809753,0.756351
tea,0.683848,0.843500,0.549780,0.904692,0.918323,0.899237,0.918136,0.856458,0.891980,0.930271,0.943687,0.913986,0.983257,0.903674,0.604829,0.948020,0.785000,0.886649,0.956545,0.972141,0.960576,0.970917,0.977914,0.930911,0.922203,0.656897,0.986595,0.755413,0.563324,0.657423,0.971248,0.921562,0.997869,0.997857,0.980833,0.621296,0.994730,0.900816,0.997582,0.854441,0.715515,0.999097,0.789448,0.985501,0.995195,0.868318,0.982146,1.000000,0.998121,0.983806,0.794675,0.946520,0.966472,0.885129,0.810429,0.792500,0.793911,0.810055,0.886330,0.965402,0.644828,0.979038,0.947656,0.844542,0.826226,0.769088,0.776537,0.933777,0.933709,0.934054,0.932433,0.842234,0.729491,0.933714,0.981605,0.952068,0.613478,0.647175,0.654818,0.959249,0.946623,0.607588,0.703019,0.668606,0.621866,0.638137,0.887725,0.707903
bus,0.667072,0.819133,0.540632,0.876967,0.892881,0.876060,0.896493,0.835307,0.871272,0.908286,0.938224,0.891254,0.970492,0.921884,0.602578,0.928984,0.782217,0.876547,0.937394,0.956194,0.946075,0.954453,0.980328,0.916601,0.906859,0.674032,0.979082,0.757266,0.612861,0.681648,0.958978,0.912725,0.999984,0.992237,0.978346,0.648034,0.986615,0.897713,0.996288,0.866067,0.734783,0.995053,0.801009,0.982866,0.999300,0.872314,0.980783,0.998121,1.000000,0.982566,0.822398,0.945306,0.969605,0.901372,0.833692,0.811927,0.824710,0.844446,0.906951,0.971240,0.690310,0.988734,0.950425,0.866449,0.847937,0.806264,0.806899,0.949673,0.947851,0.950245,0.942336,0.869628,0.769964,0.946833,0.989775,0.966514,0.660403,0.688160,0.699079,0.974757,0.963601,0.654323,0.731197,0.701190,0.654302,0.672984,0.904848,0.745811
wolf,0.792751,0.895531,0.687159,0.891937,0.914487,0.928011,0.940608,0.912071,0.933244,0.883331,0.869590,0.856965,0.958720,0.942193,0.737332,0.956410,0.882875,0.949932,0.950693,0.946405,0.976146,0.955663,0.998050,0.967904,0.848413,0.773045,0.945624,0.860583,0.568052,0.763400,0.924084,0.971795,0.983084,0.985272,0.999665,0.729872,0.979631,0.963595,0.969202,0.927316,0.816841,0.986789,0.881808,0.939137,0.981647,0.942399,0.999956,0.983806,0.982566,1.000000,0.853782,0.989001,0.908003,0.938508,0.877164,0.873504,0.840576,0.799352,0.926880,0.910040,0.631202,0.978966,0.988621,0.901574,0.891101,0.781929,0.832980,0.883513,0.877002,0.885258,0.864239,0.786947,0.717335,0.968101,0.984997,0.966640,0.595203,0.702051,0.626199,0.947616,0.952418,0.579921,0.790094,0.752384,0.717290,0.722541,0.814941,0.756149
pear,0.680092,0.638738,0.683664,0.529286,0.576493,0.645731,0.659829,0.681104,0.684207,0.521771,0.598981,0.481336,0.682054,0.977842,0.771128,0.674851,0.846280,0.804859,0.651275,0.646506,0.734247,0.663631,0.884281,0.755643,0.508013,0.924888,0.689439,0.871159,0.853166,0.956728,0.628111,0.816289,0.825554,0.772613,0.847545,0.950440,0.746144,0.867809,0.771406,0.959509,0.959036,0.785972,0.945171,0.713492,0.840700,0.916968,0.854872,0.794675,0.822398,0.853782,1.000000,0.877756,0.714948,0.978786,0.996108,0.982417,0.996122,0.915993,0.985435,0.740704,0.853143,0.896985,0.905162,0.994396,0.993965,0.951622,0.998754,0.799588,0.772948,0.805099,0.716217,0.797439,0.890310,0.956611,0.895064,0.940344,0.827702,0.965488,0.821003,0.899278,0.936167,0.801610,0.984877,0.981732,0.965701,0.974214,0.722622,0.979851
boot,0.865684,0.919996,0.785149,0.863406,0.892453,0.932282,0.939143,0.938637,0.947364,0.825936,0.787746,0.791991,0.916691,0.948319,0.829083,0.942547,0.942499,0.980346,0.925212,0.904139,0.967093,0.921907,0.989841,0.976736,0.768740,0.847655,0.889588,0.926130,0.551002,0.828837,0.864130,0.990704,0.946414,0.951462,0.991032,0.797925,0.944234,0.992267,0.922117,0.963141,0.877821,0.952949,0.934870,0.878113,0.945754,0.979930,0.990312,0.946520,0.945306,0.989001,0.877756,1.000000,0.836920,0.957289,0.907500,0.916269,0.854152,0.766005,0.934722,0.841094,0.598001,0.953489,0.997813,0.923480,0.919776,0.768081,0.854888,0.818009,0.806580,0.820883,0.785232,0.718036,0.683943,0.970895,0.962452,0.952900,0.558839,0.724377,0.580898,0.912529,0.931415,0.536194,0.838690,0.798556,0.773973,0.769645,0.732330,0.772100
stream,0.473681,0.690702,0.319628,0.831741,0.836018,0.777009,0.805855,0.703045,0.756922,0.911363,0.986477,0.908517,0.945228,0.831610,0.389028,0.857355,0.606050,0.738198,0.884652,0.931436,0.866447,0.915205,0.902674,0.809462,0.950507,0.490452,0.978853,0.575219,0.603409,0.515710,0.965431,0.790991,0.968681,0.953773,0.899675,0.481813,0.950396,0.763071,0.981681,0.728049,0.569449,0.956994,0.639843,0.992666,0.967524,0.727814,0.904041,0.966472,0.969605,0.908003,0.714948,0.836920,1.000000,0.790777,0.712621,0.670301,0.735902,0.834857,0.816121,0.998916,0.699379,0.942465,0.846187,0.756067,0.727732,0.768265,0.705454,0.977489,0.983501,0.976205,0.991416,0.915299,0.769873,0.857863,0.937830,0.904279,0.678233,0.601384,0.727384,0.948407,0.914968,0.685152,0.590729,0.569399,0.509033,0.543162,0.966422,0.663210
8,0.779304,0.778381,0.746626,0.689037,0.729855,0.788227,0.799786,0.811912,0.817744,0.669037,0.699875,0.630243,0.804395,0.995836,0.818375,0.810551,0.912814,0.904466,0.789114,0.777549,0.856850,0.795329,0.957255,0.873569,0.636722,0.919585,0.797552,0.920760,0.751315,0.930975,0.749681,0.916011,0.903743,0.873835,0.935560,0.913931,0.854776,0.947647,0.860827,0.990526,0.953359,0.882547,0.969471,0.807291,0.912604,0.971939,0.939701,0.885129,0.901372,0.938508,0.978786,0.957289,0.790777,1.000000,0.989009,0.984243,0.966560,0.881365,0.994592,0.808091,0.771659,0.949742,0.972959,0.994951,0.992983,0.903430,0.968311,0.833776,0.812884,0.838314,0.769632,0.789873,0.830814,0.992697,0.952352,0.975489,0.739622,0.892489,0.745153,0.933826,0.963928,0.714319,0.952512,0.933527,0.913147,0.916625,0.750993,0.921660
sofa,0.742033,0.697536,0.741534,0.575884,0.622935,0.697819,0.708686,0.737160,0.736500,0.552622,0.602567,0.510103,0.708586,0.981999,0.820232,0.717268,0.889944,0.849995,0.690160,0.676409,0.773268,0.696961,0.904146,0.799656,0.523386,0.946813,0.705192,0.910583,0.803868,0.967258,0.647748,0.856995,0.836762,0.793874,0.873107,0.957950,0.769725,0.904501,0.783128,0.980069,0.975414,0.805401,0.969885,0.721810,0.849759,0.947432,0.878807,0.810429,0.833692,0.877164,0.996108,0.907500,0.712621,0.989009,1.000000,0.994515,0.985111,0.885471,0.986878,0.735883,0.805327,0.902534,0.929647,0.997948,0.999538,0.923287,0.990595,0.783268,0.757044,0.788818,0.702391,0.764077,0.850523,0.966420,0.903456,0.943535,0.776314,0.941610,0.770832,0.894261,0.933807,0.747827,0.986306,0.976274,0.962718,0.965613,0.697935,0.959038
novel,0.801596,0.737531,0.807349,0.589272,0.637696,0.725190,0.731251,0.775073,0.766932,0.543757,0.562901,0.497670,0.699087,0.968050,0.875511,0.730153,0.927746,0.878822,0.696570,0.670017,0.784261,0.695935,0.898323,0.820583,0.495043,0.972567,0.682356,0.946966,0.744207,0.980537,0.627534,0.878033,0.815091,0.781750,0.872064,0.970094,0.759248,0.925190,0.759025,0.989680,0.991314,0.791646,0.989275,0.691140,0.826488,0.965845,0.876039,0.792500,0.811927,0.873504,0.982417,0.916269,0.670301,0.984243,0.994515,1.000000,0.962358,0.832386,0.971412,0.692005,0.740745,0.879437,0.933312,0.989104,0.994719,0.878381,0.973004,0.731006,0.703782,0.736896,0.648588,0.697982,0.791075,0.955829,0.883593,0.922211,0.708413,0.913206,0.700634,0.859722,0.905753,0.675927,0.986023,0.970056,0.962564,0.957566,0.634630,0.930241
kitten,0.617347,0.591379,0.616907,0.504812,0.550354,0.608515,0.626411,0.635066,0.644165,0.516054,0.618783,0.479128,0.675131,0.973260,0.712131,0.649266,0.799799,0.765321,0.631299,0.637317,0.709698,0.649753,0.872745,0.722766,0.519074,0.889355,0.693788,0.825995,0.891879,0.931576,0.630845,0.782950,0.827765,0.767093,0.832186,0.926664,0.739452,0.834584,0.776101,0.935489,0.931053,0.781727,0.913580,0.724343,0.844185,0.885634,0.840913,0.793911,0.824710,0.840576,0.996122,0.854152,0.735902,0.966560,0.985111,0.962358,1.000000,0.946158,0.982262,0.762801,0.895232,0.900056,0.885687,0.985932,0.982259,0.974958,0.998389,0.828697,0.803112,0.833874,0.747285,0.839265,0.926897,0.949030,0.895369,0.941846,0.873124,0.975882,0.868020,0.912277,0.943488,0.850697,0.970608,0.972888,0.952280,0.967290,0.762184,0.989863
smartphone,0.392797,0.458042,0.352072,0.483311,0.515509,0.517975,0.548949,0.499178,0.534303,0.563074,0.735335,0.543544,0.692810,0.917107,0.464156,0.600128,0.611614,0.629174,0.607582,0.653276,0.653188,0.646195,0.829073,0.628221,0.622892,0.694641,0.747634,0.630808,0.939580,0.764084,0.690034,0.671528,0.846414,0.772061,0.784675,0.758033,0.745848,0.707985,0.814961,0.809700,0.765093,0.788162,0.753302,0.794043,0.863133,0.747940,0.796642,0.810055,0.844446,0.799352,0.915993,0.766005,0.834857,0.881365,0.885471,0.832386,0.946158,1.000000,0.925663,0.859568,0.970034,0.901924,0.805261,0.901704,0.883852,0.990322,0.926568,0.929254,0.913072,0.932153,0.872628,0.964290,0.991855,0.893605,0.889051,0.923589,0.958448,0.921608,0.968191,0.942484,0.944278,0.952764,0.841646,0.855768,0.814493,0.852208,0.905341,0.943020
oak,0.710354,0.723535,0.675521,0.657187,0.697015,0.744484,0.760533,0.759482,0.771801,0.658620,0.721277,0.623214,0.795730,0.999067,0.757661,0.780363,0.865462,0.862342,0.764768,0.765499,0.829189,0.778220,0.948495,0.837200,0.645867,0.889539,0.802299,0.876152,0.808619,0.913975,0.751218,0.880842,0.909288,0.868900,0.921289,0.899058,0.847833,0.914330,0.867903,0.971289,0.932009,0.879438,0.942144,0.820341,0.920093,0.942726,0.927246,0.886330,0.906951,0.926880,0.985435,0.934722,0.816121,0.994592,0.986878,0.971412,0.982262,0.925663,1.000000,0.835469,0.831434,0.958501,0.955946,0.995129,0.989669,0.941364,0.979403,0.871527,0.851187,0.875808,0.807554,0.844244,0.883503,0.991287,0.957754,0.984021,0.803245,0.917788,0.809716,0.954707,0.979309,0.781692,0.948221,0.936182,0.910859,0.921912,0.799916,0.945757
bread,0.471939,0.679141,0.325421,0.812538,0.819190,0.764452,0.793890,0.694074,0.747132,0.893426,0.977988,0.889192,0.935747,0.849113,0.399379,0.846114,0.613445,0.737719,0.872163,0.919589,0.859025,0.903859,0.907611,0.803901,0.935027,0.513230,0.971727,0.586446,0.639707,0.542657,0.954406,0.790380,0.970547,0.950354,0.901046,0.510694,0.945002,0.767518,0.980011,0.743666,0.592601,0.954714,0.656924,0.988540,0.970893,0.738162,0.906124,0.965402,0.971240,0.910040,0.740704,0.841094,0.998916,0.808091,0.735883,0.692005,0.762801,0.859568,0.835469,1.000000,0.731421,0.950877,0.853052,0.777622,0.749768,0.796828,0.732826,0.986052,0.990290,0.985099,0.994257,0.931424,0.798633,0.871475,0.945454,0.917217,0.710860,0.635926,0.757339,0.959936,0.928960,0.716859,0.618978,0.600433,0.540852,0.575798,0.973913,0.695125
roll,0.207248,0.237363,0.204092,0.257718,0.292284,0.296979,0.330767,0.284909,0.318808,0.357831,0.582170,0.341106,0.500578,0.813497,0.328351,0.387874,0.452747,0.440342,0.396866,0.453886,0.450422,0.443096,0.671609,0.425945,0.444439,0.610444,0.573898,0.488586,0.990452,0.702752,0.506394,0.483659,0.692827,0.595478,0.612783,0.709318,0.563101,0.537305,0.654626,0.687115,0.680916,0.615898,0.636684,0.635909,0.715486,0.600623,0.628039,0.644828,0.690310,0.631202,0.853143,0.598001,0.699379,0.771659,0.805327,0.740745,0.895232,0.970034,0.831434,0.731421,1.000000,0.770088,0.649000,0.814267,0.797038,0.969750,0.874968,0.834356,0.814560,0.837731,0.764633,0.918940,0.993080,0.771230,0.751562,0.806615,0.998801,0.922403,0.996414,0.833435,0.837569,0.995684,0.788690,0.822005,0.785271,0.829864,0.826702,0.926462
sun,0.675137,0.785973,0.577449,0.808431,0.832679,0.834718,0.855324,0.810033,0.840358,0.836176,0.887277,0.813408,0.926132,0.967580,0.650627,0.886672,0.812662,0.876474,0.888593,0.905039,0.915855,0.906825,0.985804,0.896314,0.836447,0.753346,0.938068,0.800406,0.709404,0.770732,0.905878,0.909224,0.989526,0.967251,0.973422,0.743577,0.955571,0.911312,0.973103,0.913918,0.811443,0.973334,0.857735,0.949284,0.993384,0.905302,0.977656,0.979038,0.988734,0.978966,0.896985,0.953489,0.942465,0.949742,0.902534,0.879437,0.900056,0.901924,0.958501,0.950877,0.770088,1.000000,0.965912,0.928080,0.912733,0.879883,0.885760,0.951919,0.943786,0.953717,0.924806,0.893463,0.839654,0.980297,0.999469,0.993873,0.741310,0.788675,0.769818,0.992799,0.992260,0.730819,0.819606,0.797270,0.755533,0.774119,0.900147,0.836785
star,0.841829,0.892139,0.767289,0.836408,0.867335,0.907372,0.916337,0.914013,0.924249,0.807432,0.788797,0.773328,0.906681,0.967130,0.819057,0.923540,0.934590,0.967117,0.907052,0.890776,0.952493,0.907286,0.993102,0.960846,0.759135,0.859611,0.886314,0.922642,0.604951,0.849074,0.856140,0.979776,0.951733,0.948342,0.989134,0.820608,0.938602,0.986603,0.924690,0.972495,0.893176,0.951503,0.942716,0.880427,0.953117,0.981053,0.989690,0.947656,0.950425,0.988621,0.905162,0.997813,0.846187,0.972959,0.929647,0.933312,0.885687,0.805261,0.955946,0.853052,0.649000,0.965912,1.000000,0.944894,0.940417,0.808662,0.885264,0.840342,0.827463,0.843435,0.802337,0.752840,0.729649,0.984588,0.973012,0.969380,0.611631,0.765977,0.631613,0.931915,0.951184,0.589399,0.864524,0.829262,0.803645,0.802673,0.757389,0.810971
9,0.736492,0.714774,0.721872,0.613990,0.658264,0.722813,0.735531,0.752814,0.757060,0.599300,0.652282,0.559345,0.747794,0.992040,0.801469,0.748132,0.886239,0.861084,0.725282,0.716579,0.801138,0.734324,0.926193,0.820627,0.575342,0.928338,0.747517,0.902598,0.804107,0.949520,0.692776,0.872363,0.869227,0.828035,0.897066,0.937687,0.805242,0.914052,0.820398,0.981056,0.962143,0.839049,0.963565,0.764151,0.881207,0.950764,0.902754,0.844542,0.866449,0.901574,0.994396,0.923480,0.756067,0.994951,0.997948,0.989104,0.985932,0.901704,0.995129,0.777622,0.814267,0.928080,0.944894,1.000000,0.998927,0.930926,0.988312,0.819662,0.795758,0.824721,0.745541,0.795782,0.863006,0.980007,0.928566,0.962792,0.785210,0.932837,0.784612,0.920724,0.954599,0.759231,0.973989,0.962563,0.944442,0.950166,0.738913,0.954797
automobile,0.753923,0.717155,0.747250,0.600469,0.646426,0.718751,0.729545,0.755532,0.755814,0.576735,0.621440,0.534707,0.728836,0.986086,0.824196,0.738114,0.898177,0.864072,0.711778,0.697818,0.792183,0.718114,0.916375,0.817160,0.545874,0.944493,0.724094,0.916234,0.792015,0.962551,0.668587,0.871622,0.850877,0.810979,0.887386,0.951612,0.787886,0.916013,0.799174,0.984616,0.973714,0.821883,0.972699,0.738980,0.862990,0.955169,0.892700,0.826226,0.847937,0.891101,0.993965,0.919776,0.727732,0.992983,0.999538,0.994719,0.982259,0.883852,0.989669,0.749768,0.797038,0.912733,0.940417,0.998927,1.000000,0.918971,0.987253,0.792475,0.767222,0.797848,0.714727,0.767600,0.845384,0.973143,0.914154,0.950833,0.767197,0.932244,0.763809,0.902349,0.940390,0.739099,0.981479,0.969337,0.954675,0.957310,0.706947,0.952050
canine,0.439446,0.455680,0.427127,0.431768,0.471215,0.498452,0.525403,0.500910,0.525239,0.490334,0.653219,0.463751,0.639860,0.929426,0.538417,0.567447,0.656153,0.642133,0.564609,0.597872,0.627936,0.597855,0.816801,0.618941,0.535601,0.767732,0.686264,0.684118,0.956942,0.834341,0.621872,0.675117,0.808921,0.731411,0.768429,0.832666,0.702011,0.724440,0.765879,0.843497,0.827425,0.748629,0.802564,0.731889,0.827792,0.777552,0.780326,0.769088,0.806264,0.781929,0.951622,0.768081,0.768265,0.903430,0.923287,0.878381,0.974958,0.990322,0.941364,0.796828,0.969750,0.879883,0.808662,0.930926,0.918971,1.000000,0.962449,0.877096,0.855335,0.881195,0.804303,0.918203,0.987148,0.899081,0.868437,0.915462,0.956676,0.966527,0.956375,0.916435,0.931695,0.944464,0.899760,0.915228,0.883355,0.914349,0.839459,0.979695
home,0.644017,0.600316,0.652487,0.494181,0.541818,0.609577,0.625080,0.644348,0.648624,0.493880,0.585450,0.454280,0.657370,0.969990,0.744348,0.642889,0.819441,0.774588,0.620576,0.619893,0.704518,0.635568,0.865769,0.724337,0.487825,0.912647,0.670160,0.847393,0.877445,0.950590,0.606390,0.787648,0.810146,0.751476,0.825634,0.946482,0.723557,0.842303,0.755015,0.944264,0.948791,0.765903,0.929026,0.698270,0.826625,0.895916,0.833843,0.776537,0.806899,0.832980,0.998754,0.854888,0.705454,0.968311,0.990595,0.973004,0.998389,0.926568,0.979403,0.732826,0.874968,0.885760,0.885264,0.988312,0.987253,0.962449,1.000000,0.798905,0.771699,0.804465,0.713192,0.807152,0.906853,0.945022,0.882341,0.931449,0.851623,0.976843,0.843358,0.893771,0.930098,0.826497,0.982699,0.983671,0.967170,0.978259,0.726040,0.988595
blue,0.420409,0.598233,0.300096,0.715200,0.728382,0.683141,0.715578,0.621685,0.673695,0.807477,0.932929,0.800745,0.874949,0.878162,0.390478,0.772653,0.595395,0.694535,0.796864,0.850539,0.797919,0.834440,0.891270,0.746028,0.864379,0.552827,0.923230,0.582091,0.757125,0.600071,0.893127,0.748459,0.949681,0.909213,0.871538,0.575911,0.897104,0.742461,0.948868,0.759705,0.635000,0.917742,0.676229,0.952487,0.955477,0.733763,0.879465,0.933777,0.949673,0.883513,0.799588,0.818009,0.977489,0.833776,0.783268,0.731006,0.828697,0.929254,0.871527,0.986052,0.834356,0.951919,0.840342,0.819662,0.792475,0.877096,0.798905,1.000000,0.998998,0.999957,0.990711,0.977648,0.886315,0.885910,0.942711,0.932869,0.817973,0.733237,0.855403,0.975794,0.950639,0.822749,0.683962,0.677641,0.619923,0.659823,0.990181,0.782150
navy,0.404043,0.595478,0.275463,0.726126,0.736541,0.684116,0.717022,0.616787,0.671221,0.822372,0.945787,0.817969,0.881302,0.859195,0.363555,0.775547,0.574643,0.683221,0.802514,0.858553,0.797405,0.840669,0.882432,0.741429,0.881573,0.520387,0.930439,0.558033,0.732357,0.566492,0.903663,0.738964,0.947609,0.910091,0.865075,0.540881,0.899566,0.728135,0.950899,0.737199,0.604245,0.917875,0.650264,0.958610,0.952310,0.714297,0.872703,0.933709,0.947851,0.877002,0.772948,0.806580,0.983501,0.812884,0.757044,0.703782,0.803112,0.913072,0.851187,0.990290,0.814560,0.943786,0.827463,0.795758,0.767222,0.855335,0.771699,0.998998,1.000000,0.998542,0.995776,0.972963,0.868081,0.869838,0.934567,0.919956,0.798567,0.702218,0.838983,0.967429,0.938331,0.805255,0.652111,0.644641,0.584934,0.625837,0.993160,0.753505
textbook,0.424829,0.599760,0.306177,0.713674,0.727432,0.683782,0.716069,0.623617,0.675060,0.804869,0.930310,0.797617,0.874058,0.882200,0.396897,0.772738,0.600439,0.697632,0.796317,0.849354,0.798662,0.833683,0.893445,0.747704,0.861042,0.559964,0.921986,0.587758,0.761514,0.607263,0.891250,0.751105,0.950303,0.909380,0.873308,0.583357,0.896977,0.746052,0.948642,0.764745,0.641696,0.918036,0.682059,0.951351,0.956294,0.738327,0.881271,0.934054,0.950245,0.885258,0.805099,0.820883,0.976205,0.838314,0.788818,0.736896,0.833874,0.932153,0.875808,0.985099,0.837731,0.953717,0.843435,0.824721,0.797848,0.881195,0.804465,0.999957,0.998542,1.000000,0.989439,0.978099,0.889493,0.889435,0.944557,0.935628,0.821209,0.739341,0.858035,0.977471,0.953182,0.825547,0.690646,0.684455,0.627191,0.666792,0.989172,0.787808
ballpoint,0.379280,0.596688,0.234056,0.752299,0.757127,0.691417,0.724639,0.613218,0.671712,0.853702,0.968420,0.853649,0.894690,0.818688,0.315900,0.784857,0.537682,0.664921,0.816685,0.875862,0.799304,0.855004,0.864461,0.736147,0.914909,0.456970,0.943706,0.513883,0.672585,0.498887,0.924270,0.723408,0.941583,0.911635,0.852785,0.470014,0.904667,0.702360,0.953133,0.692591,0.543029,0.917619,0.599712,0.968466,0.943751,0.677359,0.859539,0.932433,0.942336,0.864239,0.716217,0.785232,0.991416,0.769632,0.702391,0.648588,0.747285,0.872628,0.807554,0.994257,0.764633,0.924806,0.802337,0.745541,0.714727,0.804303,0.713192,0.990711,0.995776,0.989439,1.000000,0.954821,0.822297,0.835934,0.916035,0.891160,0.748935,0.633958,0.795345,0.946282,0.909828,0.759052,0.586244,0.575456,0.512382,0.554275,0.991567,0.690259
sparrow,0.279195,0.434246,0.186862,0.552305,0.568922,0.523834,0.560899,0.465433,0.519338,0.668735,0.850574,0.663814,0.753797,0.842472,0.294649,0.626926,0.490737,0.567357,0.653727,0.720972,0.663060,0.700672,0.805383,0.608842,0.753665,0.515849,0.822118,0.492374,0.856666,0.587376,0.780462,0.625405,0.870178,0.805484,0.770742,0.573476,0.786684,0.635541,0.862507,0.699369,0.603129,0.818651,0.616471,0.867796,0.881977,0.648532,0.782256,0.842234,0.869628,0.786947,0.797439,0.718036,0.915299,0.789873,0.764077,0.697982,0.839265,0.964290,0.844244,0.931424,0.918940,0.893463,0.752840,0.795782,0.767600,0.918203,0.807152,0.977648,0.972963,0.978099,0.954821,1.000000,0.947580,0.833028,0.878454,0.887552,0.911003,0.786019,0.939261,0.939903,0.915840,0.918176,0.684173,0.695281,0.638286,0.686964,0.981588,0.821785
creek,0.299020,0.346051,0.277832,0.368611,0.402341,0.406159,0.438813,0.390881,0.425559,0.459484,0.660237,0.441225,0.597146,0.869951,0.397132,0.493421,0.533444,0.535249,0.501667,0.553550,0.551898,0.544522,0.752908,0.527105,0.533674,0.656360,0.662006,0.561552,0.973451,0.738274,0.598742,0.578365,0.772239,0.685269,0.700597,0.738808,0.655611,0.624178,0.736939,0.751946,0.727286,0.703759,0.698345,0.716925,0.792207,0.676749,0.714375,0.729491,0.769964,0.717335,0.890310,0.683943,0.769873,0.830814,0.850523,0.791075,0.926897,0.991855,0.883503,0.798633,0.993080,0.839654,0.729649,0.863006,0.845384,0.987148,0.906853,0.886315,0.868081,0.889493,0.822297,0.947580,1.000000,0.836407,0.823736,0.869353,0.986830,0.929328,0.990233,0.892417,0.895540,0.982402,0.820726,0.845006,0.805856,0.847411,0.870634,0.941769
10,0.757288,0.799382,0.698252,0.750625,0.785391,0.823371,0.838038,0.829119,0.843930,0.746392,0.780903,0.713085,0.864768,0.996050,0.769854,0.855864,0.890725,0.910654,0.842713,0.840442,0.895416,0.852749,0.981818,0.899015,0.723851,0.868188,0.863372,0.890175,0.734704,0.880133,0.821754,0.929846,0.948599,0.923027,0.964474,0.858465,0.907029,0.949632,0.915639,0.974579,0.910872,0.930501,0.940306,0.872549,0.955246,0.961333,0.968423,0.933714,0.946833,0.968101,0.956611,0.970895,0.857863,0.992697,0.966420,0.955829,0.949030,0.893605,0.991287,0.871475,0.771230,0.980297,0.984588,0.980007,0.973143,0.899081,0.945022,0.885910,0.869838,0.889435,0.835934,0.833028,0.836407,1.000000,0.982185,0.993502,0.739528,0.857490,0.754274,0.965846,0.984770,0.719330,0.911032,0.889392,0.860887,0.869352,0.812940,0.894860
big,0.697521,0.805499,0.599442,0.822016,0.846390,0.851218,0.870505,0.828662,0.857248,0.843415,0.884374,0.819722,0.932278,0.967682,0.669324,0.899206,0.828189,0.891425,0.899539,0.912353,0.927354,0.915583,0.990725,0.910133,0.837693,0.762095,0.940073,0.814712,0.691010,0.775283,0.909120,0.922238,0.990556,0.971820,0.980281,0.747234,0.960892,0.923287,0.973985,0.920658,0.817765,0.977271,0.866547,0.948584,0.993705,0.915470,0.983922,0.981605,0.989775,0.984997,0.895064,0.962452,0.937830,0.952352,0.903456,0.883593,0.895369,0.889051,0.957754,0.945454,0.751562,0.999469,0.973012,0.928566,0.914154,0.868437,0.882341,0.942711,0.934567,0.944557,0.916035,0.878454,0.823736,0.982185,1.000000,0.992944,0.721512,0.780092,0.750090,0.988375,0.989209,0.709980,0.820432,0.795715,0.755234,0.771566,0.887611,0.828952
large,0.688733,0.763845,0.614435,0.754030,0.784481,0.803233,0.822669,0.792981,0.817169,0.773756,0.832767,0.746167,0.883077,0.989082,0.692739,0.850655,0.836371,0.875176,0.846307,0.857916,0.887994,0.863513,0.979563,0.878204,0.770759,0.810597,0.894269,0.833196,0.759898,0.832094,0.854126,0.903318,0.967913,0.937408,0.960783,0.809652,0.921777,0.917831,0.941753,0.942937,0.863944,0.945451,0.896024,0.909015,0.974692,0.925549,0.965894,0.952068,0.966514,0.966640,0.940344,0.952900,0.904279,0.975489,0.943535,0.922211,0.941846,0.923589,0.984021,0.917217,0.806615,0.993873,0.969380,0.962792,0.950833,0.915462,0.931449,0.932869,0.919956,0.935628,0.891160,0.887552,0.869353,0.993502,0.992944,1.000000,0.778156,0.848598,0.798428,0.989052,0.997796,0.763604,0.876891,0.859002,0.822819,0.839340,0.873919,0.889194
run,0.159521,0.190865,0.159069,0.218737,0.252253,0.253003,0.287826,0.238651,0.273952,0.326012,0.561007,0.311228,0.466878,0.784116,0.285042,0.347335,0.409040,0.396163,0.358391,0.419500,0.410054,0.406785,0.636590,0.383042,0.420029,0.575820,0.544927,0.446475,0.990491,0.672625,0.477093,0.441010,0.662893,0.562112,0.575946,0.680954,0.529275,0.495508,0.625636,0.650998,0.647673,0.583069,0.599434,0.609812,0.686220,0.560821,0.591776,0.613478,0.660403,0.595203,0.827702,0.558839,0.678233,0.739622,0.776314,0.708413,0.873124,0.958448,0.803245,0.710860,0.998801,0.741310,0.611631,0.785210,0.767197,0.956676,0.851623,0.817973,0.798567,0.821209,0.748935,0.911003,0.986830,0.739528,0.721512,0.778156,1.000000,0.907837,0.996918,0.809559,0.811768,0.998582,0.761784,0.798545,0.761353,0.808209,0.816122,0.909769
sprint,0.492302,0.416657,0.534316,0.304196,0.354990,0.426052,0.444489,0.467424,0.470826,0.322374,0.462886,0.284441,0.501140,0.899783,0.639258,0.468136,0.695792,0.623395,0.446797,0.456395,0.539632,0.469032,0.745128,0.560170,0.340360,0.857786,0.530908,0.739219,0.943470,0.917148,0.456839,0.637734,0.691968,0.611342,0.691163,0.924202,0.577279,0.708930,0.629627,0.856195,0.894923,0.629967,0.845767,0.573672,0.714132,0.784592,0.702515,0.647175,0.688160,0.702051,0.965488,0.724377,0.601384,0.892489,0.941610,0.913206,0.975882,0.921608,0.917788,0.635926,0.922403,0.788675,0.765977,0.932837,0.932244,0.966527,0.976843,0.733237,0.702218,0.739341,0.633958,0.786019,0.929328,0.857490,0.780092,0.848598,0.907837,1.000000,0.888622,0.817346,0.856468,0.884497,0.957661,0.975844,0.962916,0.980508,0.673392,0.996571
feline,0.163059,0.221371,0.144729,0.272290,0.302246,0.291442,0.327772,0.266517,0.306940,0.386668,0.619383,0.374698,0.517022,0.793337,0.269637,0.390737,0.410372,0.415792,0.406284,0.471636,0.448915,0.456181,0.663893,0.414538,0.483895,0.554547,0.596567,0.441674,0.977307,0.649761,0.533031,0.464836,0.701186,0.604734,0.606874,0.654445,0.574112,0.511293,0.670036,0.652770,0.631393,0.624642,0.593312,0.659841,0.722785,0.567632,0.622323,0.654818,0.699079,0.626199,0.821003,0.580898,0.727384,0.745153,0.770832,0.700634,0.868020,0.968191,0.809716,0.757339,0.996414,0.769818,0.631613,0.784612,0.763809,0.956375,0.843358,0.855403,0.838983,0.858035,0.795345,0.939261,0.990233,0.754274,0.750090,0.798428,0.996918,0.888622,1.000000,0.836978,0.832758,0.998127,0.743462,0.777128,0.735008,0.784078,0.857641,0.896597
red,0.588763,0.706481,0.495024,0.748060,0.772082,0.765144,0.790290,0.733959,0.769911,0.798091,0.886227,0.778540,0.892624,0.960331,0.579926,0.830758,0.750775,0.814337,0.837997,0.867171,0.864045,0.863963,0.958870,0.836925,0.819939,0.719048,0.919477,0.743718,0.773800,0.751855,0.882499,0.853526,0.975625,0.940073,0.939088,0.728528,0.925474,0.860265,0.959186,0.883515,0.785132,0.948542,0.820940,0.940696,0.982238,0.861864,0.945502,0.959249,0.974757,0.947616,0.899278,0.912529,0.948407,0.933826,0.894261,0.859722,0.912277,0.942484,0.954707,0.959936,0.833435,0.992799,0.931915,0.920724,0.902349,0.916435,0.893771,0.975794,0.967429,0.977471,0.946282,0.939903,0.892417,0.965846,0.988375,0.989052,0.809559,0.817346,0.836978,1.000000,0.995135,0.802661,0.813568,0.800413,0.754866,0.781347,0.936070,0.861766
crimson,0.639145,0.723867,0.563260,0.729858,0.759248,0.770354,0.792550,0.754162,0.782511,0.763382,0.842006,0.738317,0.872374,0.983074,0.647447,0.826224,0.799140,0.841810,0.825842,0.845373,0.864632,0.847574,0.966877,0.849037,0.773000,0.783509,0.892068,0.797442,0.789167,0.813039,0.850435,0.874332,0.964948,0.928249,0.944929,0.791968,0.911582,0.889513,0.940278,0.922685,0.842164,0.937334,0.870654,0.911889,0.972822,0.899344,0.951132,0.946623,0.963601,0.952418,0.936167,0.931415,0.914968,0.963928,0.933807,0.905753,0.943488,0.944278,0.979309,0.928960,0.837569,0.992260,0.951184,0.954599,0.940390,0.931695,0.930098,0.950639,0.938331,0.953182,0.909828,0.915840,0.895540,0.984770,0.989209,0.997796,0.811768,0.856468,0.832758,0.995135,1.000000,0.799851,0.865748,0.852281,0.813031,0.834331,0.899495,0.896240
elm,0.120159,0.166630,0.112690,0.212992,0.243717,0.235032,0.271505,0.213202,0.252357,0.330055,0.572831,0.318425,0.463690,0.762991,0.239477,0.334837,0.371776,0.368066,0.350007,0.416802,0.395277,0.401008,0.620187,0.362256,0.432047,0.534420,0.546525,0.407348,0.982803,0.634183,0.480709,0.416385,0.656587,0.555200,0.559923,0.642116,0.523152,0.467369,0.623365,0.620293,0.610011,0.576052,0.563671,0.612987,0.679567,0.529654,0.576034,0.607588,0.654323,0.579921,0.801610,0.536194,0.685152,0.714319,0.747827,0.675927,0.850697,0.952764,0.781692,0.716859,0.995684,0.730819,0.589399,0.759231,0.739099,0.944464,0.826497,0.822749,0.805255,0.825547,0.759052,0.918176,0.982402,0.719330,0.709980,0.763604,0.998582,0.884497,0.998127,0.802661,0.799851,1.000000,0.728413,0.766490,0.726360,0.776282,0.828032,0.887754
cellphone,0.717358,0.616983,0.754504,0.449448,0.502816,0.600338,0.607662,0.661102,0.649549,0.411372,0.464149,0.363936,0.585458,0.937732,0.833225,0.608564,0.865697,0.788178,0.572570,0.549977,0.672639,0.575881,0.824097,0.714034,0.375695,0.968271,0.578708,0.898647,0.810018,0.991260,0.513749,0.786024,0.734995,0.684322,0.786341,0.989803,0.656168,0.849193,0.669845,0.952004,0.985464,0.697722,0.958850,0.598112,0.751256,0.909815,0.792656,0.703019,0.731197,0.790094,0.984877,0.838690,0.590729,0.952512,0.986306,0.986023,0.970608,0.841646,0.948221,0.618978,0.788690,0.819606,0.864524,0.973989,0.981479,0.899760,0.982699,0.683962,0.652111,0.690646,0.586244,0.684173,0.820726,0.911032,0.820432,0.876891,0.761784,0.957661,0.743462,0.813568,0.865748,0.728413,1.000000,0.996574,0.993830,0.991831,0.591945,0.961970
volume,0.658485,0.551746,0.705197,0.387360,0.441682,0.537891,0.547268,0.598699,0.588486,0.360035,0.435694,0.313717,0.539975,0.922541,0.790845,0.552219,0.821401,0.736670,0.517821,0.501298,0.620186,0.525143,0.790337,0.659779,0.336289,0.949278,0.541642,0.859800,0.848314,0.982056,0.472485,0.736660,0.705165,0.645059,0.746888,0.984439,0.614430,0.805520,0.637940,0.925860,0.969073,0.660235,0.932098,0.567603,0.723687,0.874025,0.754629,0.668606,0.701190,0.752384,0.981732,0.798556,0.569399,0.933527,0.976274,0.970056,0.972888,0.855768,0.936182,0.600433,0.822005,0.797270,0.829262,0.962563,0.969337,0.915228,0.983671,0.677641,0.644641,0.684455,0.575456,0.695281,0.845006,0.889392,0.795715,0.859002,0.798545,0.975844,0.777128,0.800413,0.852281,0.766490,0.996574,1.000000,0.997036,0.998887,0.591864,0.975374
seat,0.669285,0.537422,0.730370,0.348792,0.405323,0.513182,0.519444,0.584681,0.568048,0.308065,0.371954,0.259071,0.492366,0.896090,0.811259,0.518045,0.822597,0.722714,0.478448,0.454116,0.587406,0.481649,0.756401,0.635515,0.274709,0.959666,0.487668,0.864164,0.820741,0.988117,0.417595,0.716656,0.658522,0.600080,0.712965,0.992586,0.569018,0.789980,0.587073,0.913948,0.971724,0.615114,0.929535,0.511258,0.677343,0.862850,0.720169,0.621866,0.654302,0.717290,0.965701,0.773973,0.509033,0.913147,0.962718,0.962564,0.952280,0.814493,0.910859,0.540852,0.785271,0.755533,0.803645,0.944442,0.954675,0.883355,0.967170,0.619923,0.584934,0.627191,0.512382,0.638286,0.805856,0.860887,0.755234,0.822819,0.761353,0.962916,0.735008,0.754866,0.813031,0.726360,0.993830,0.997036,1.000000,0.997133,0.528225,0.958030
puppy,0.627694,0.512177,0.682650,0.344463,0.399665,0.497543,0.507309,0.560617,0.549718,0.320000,0.405178,0.273794,0.503649,0.906353,0.770769,0.513012,0.795942,0.704148,0.478395,0.463436,0.583228,0.486939,0.762791,0.623658,0.300588,0.939191,0.508424,0.837891,0.860834,0.976198,0.436962,0.703944,0.677099,0.612425,0.716382,0.981107,0.580438,0.776704,0.607971,0.907009,0.958618,0.628491,0.914989,0.537326,0.696863,0.850266,0.724752,0.638137,0.672984,0.722541,0.974214,0.769645,0.543162,0.916625,0.965613,0.957566,0.967290,0.852208,0.921912,0.575798,0.829864,0.774119,0.802673,0.950166,0.957310,0.914349,0.978259,0.659823,0.625837,0.666792,0.554275,0.686964,0.847411,0.869352,0.771566,0.839340,0.808209,0.980508,0.784078,0.781347,0.834331,0.776282,0.991831,0.998887,0.997133,1.000000,0.576283,0.976483
solar,0.294528,0.501672,0.164242,0.661164,0.668000,0.600928,0.637548,0.523119,0.583794,0.779434,0.930979,0.780698,0.831368,0.806030,0.257961,0.704327,0.477719,0.593293,0.738432,0.807127,0.725533,0.783205,0.821691,0.659731,0.859260,0.437496,0.893708,0.462720,0.742399,0.495150,0.867008,0.655312,0.904406,0.859062,0.800678,0.472211,0.847919,0.643733,0.912125,0.662450,0.528074,0.867983,0.568392,0.929035,0.910289,0.631612,0.809753,0.887725,0.904848,0.814941,0.722622,0.732330,0.966422,0.750993,0.697935,0.634630,0.762184,0.905341,0.799916,0.973913,0.826702,0.900147,0.757389,0.738913,0.706947,0.839459,0.726040,0.990181,0.993160,0.989172,0.991567,0.981588,0.870634,0.812940,0.887611,0.873919,0.816122,0.673392,0.857641,0.936070,0.899495,0.828032,0.591945,0.591864,0.528225,0.576283,1.000000,0.722393
end-token,0.526290,0.474658,0.550291,0.378680,0.427066,0.490058,0.509413,0.523129,0.530522,0.399445,0.532497,0.362784,0.570568,0.930903,0.653881,0.535036,0.726620,0.671146,0.516566,0.527812,0.602626,0.539084,0.795469,0.617882,0.416239,0.863213,0.599170,0.763656,0.936856,0.918838,0.528859,0.688605,0.749301,0.674220,0.745617,0.921508,0.642287,0.752228,0.691737,0.884002,0.904436,0.691667,0.866797,0.639022,0.769597,0.818810,0.756351,0.707903,0.745811,0.756149,0.979851,0.772100,0.663210,0.921660,0.959038,0.930241,0.989863,0.943020,0.945757,0.695125,0.926462,0.836785,0.810971,0.954797,0.952050,0.979695,0.988595,0.782150,0.753505,0.787808,0.690259,0.821785,0.941769,0.894860,0.828952,0.889194,0.909769,0.996571,0.896597,0.861766,0.896240,0.887754,0.961970,0.975374,0.958030,0.976483,0.722393,1.000000
